-- phpMyAdmin SQL Dump
-- version 4.9.2
-- https://www.phpmyadmin.net/
--
-- Host: localhost:3306
-- Generation Time: Dec 09, 2019 at 06:25 AM
-- Server version: 5.7.24
-- PHP Version: 7.2.19

SET SQL_MODE = "NO_AUTO_VALUE_ON_ZERO";
SET AUTOCOMMIT = 0;
START TRANSACTION;
SET time_zone = "+00:00";


/*!40101 SET @OLD_CHARACTER_SET_CLIENT=@@CHARACTER_SET_CLIENT */;
/*!40101 SET @OLD_CHARACTER_SET_RESULTS=@@CHARACTER_SET_RESULTS */;
/*!40101 SET @OLD_COLLATION_CONNECTION=@@COLLATION_CONNECTION */;
/*!40101 SET NAMES utf8mb4 */;

--
-- Database: `ecommerce`
--

-- --------------------------------------------------------

--
-- Table structure for table `failed_jobs`
--

CREATE TABLE `failed_jobs` (
  `id` bigint(20) UNSIGNED NOT NULL,
  `connection` text COLLATE utf8mb4_unicode_ci NOT NULL,
  `queue` text COLLATE utf8mb4_unicode_ci NOT NULL,
  `payload` longtext COLLATE utf8mb4_unicode_ci NOT NULL,
  `exception` longtext COLLATE utf8mb4_unicode_ci NOT NULL,
  `failed_at` timestamp NOT NULL DEFAULT CURRENT_TIMESTAMP
) ENGINE=InnoDB DEFAULT CHARSET=utf8mb4 COLLATE=utf8mb4_unicode_ci;

-- --------------------------------------------------------

--
-- Table structure for table `migrations`
--

CREATE TABLE `migrations` (
  `id` int(10) UNSIGNED NOT NULL,
  `migration` varchar(255) COLLATE utf8mb4_unicode_ci NOT NULL,
  `batch` int(11) NOT NULL
) ENGINE=InnoDB DEFAULT CHARSET=utf8mb4 COLLATE=utf8mb4_unicode_ci;

--
-- Dumping data for table `migrations`
--

INSERT INTO `migrations` (`id`, `migration`, `batch`) VALUES
(1, '2014_10_12_000000_create_users_table', 1),
(2, '2014_10_12_100000_create_password_resets_table', 1),
(3, '2019_08_19_000000_create_failed_jobs_table', 1),
(4, '2019_12_08_212626_create_products_table', 1),
(5, '2019_12_08_212725_create_reviews_table', 1);

-- --------------------------------------------------------

--
-- Table structure for table `password_resets`
--

CREATE TABLE `password_resets` (
  `email` varchar(255) COLLATE utf8mb4_unicode_ci NOT NULL,
  `token` varchar(255) COLLATE utf8mb4_unicode_ci NOT NULL,
  `created_at` timestamp NULL DEFAULT NULL
) ENGINE=InnoDB DEFAULT CHARSET=utf8mb4 COLLATE=utf8mb4_unicode_ci;

-- --------------------------------------------------------

--
-- Table structure for table `products`
--

CREATE TABLE `products` (
  `id` int(10) UNSIGNED NOT NULL,
  `name` varchar(255) COLLATE utf8mb4_unicode_ci NOT NULL,
  `detail` text COLLATE utf8mb4_unicode_ci NOT NULL,
  `price` int(11) NOT NULL,
  `stock` int(11) NOT NULL,
  `discount` int(11) NOT NULL,
  `user_id` int(10) UNSIGNED NOT NULL,
  `created_at` timestamp NULL DEFAULT NULL,
  `updated_at` timestamp NULL DEFAULT NULL
) ENGINE=InnoDB DEFAULT CHARSET=utf8mb4 COLLATE=utf8mb4_unicode_ci;

--
-- Dumping data for table `products`
--

INSERT INTO `products` (`id`, `name`, `detail`, `price`, `stock`, `discount`, `user_id`, `created_at`, `updated_at`) VALUES
(1, 'non', 'Dolorem explicabo dolor rerum quo. Repudiandae voluptatem laborum eum quae quod ea culpa. Et qui odio dolor sed sit illum aut. Voluptas accusantium corrupti et.', 359, 6, 7, 4, '2019-12-09 05:21:01', '2019-12-09 05:21:01'),
(2, 'unde', 'Eum molestiae repellendus facilis ducimus vel odit dicta. Reprehenderit minima illo optio maiores. Molestias neque et ullam doloremque.', 642, 2, 18, 4, '2019-12-09 05:21:01', '2019-12-09 05:21:01'),
(3, 'debitis', 'Dolorem qui impedit molestiae officiis magni error voluptatibus. Repellendus molestiae quae aspernatur minus. Corporis iure earum voluptatem.', 159, 5, 11, 3, '2019-12-09 05:21:01', '2019-12-09 05:21:01'),
(4, 'autem', 'Odio dolorum non deserunt sit. Reprehenderit itaque explicabo qui delectus deserunt. Id expedita labore eum est.', 500, 0, 25, 5, '2019-12-09 05:21:01', '2019-12-09 05:21:01'),
(5, 'maiores', 'Totam enim quia harum nulla exercitationem amet. Dicta quia magnam velit exercitationem commodi. Labore dolorem molestiae vel omnis hic consequuntur. Earum facere et magni consequuntur non cupiditate voluptate nobis.', 446, 1, 11, 2, '2019-12-09 05:21:01', '2019-12-09 05:21:01'),
(6, 'tempore', 'Delectus praesentium id voluptatum ut pariatur quo. Libero nam cupiditate vel est corporis exercitationem et. Odit impedit necessitatibus esse. Minima et voluptatem totam facere molestias aspernatur. Vitae et quis placeat sed sit sint adipisci.', 329, 7, 19, 1, '2019-12-09 05:21:01', '2019-12-09 05:21:01'),
(7, 'pariatur', 'Aliquid omnis autem dolorem odit. Sunt molestiae dicta voluptatem qui sapiente. Et inventore dolorem porro est iste.', 522, 7, 21, 2, '2019-12-09 05:21:01', '2019-12-09 05:21:01'),
(8, 'sit', 'Et est debitis iusto accusantium. Ad id aspernatur et sint. Qui unde facere magni molestias voluptas. Numquam veniam quaerat quae aliquam.', 671, 1, 17, 4, '2019-12-09 05:21:01', '2019-12-09 05:21:01'),
(9, 'earum', 'Ex dolor tenetur optio adipisci et dolorem. Fuga non placeat sunt asperiores. Earum totam reprehenderit unde sed.', 472, 5, 16, 4, '2019-12-09 05:21:01', '2019-12-09 05:21:01'),
(10, 'quis', 'Voluptatem architecto aut sint exercitationem id adipisci. Incidunt autem non voluptates voluptas voluptatem quidem. Iste incidunt neque dolor voluptate laborum. Suscipit eligendi eaque cumque voluptas.', 182, 0, 10, 3, '2019-12-09 05:21:01', '2019-12-09 05:21:01'),
(11, 'ratione', 'Impedit assumenda optio est consequatur facilis repellat. Omnis amet omnis minus consequatur modi ex. Molestias minima officia est inventore. Eaque mollitia praesentium facere aperiam sequi.', 693, 8, 7, 4, '2019-12-09 05:21:01', '2019-12-09 05:21:01'),
(12, 'occaecati', 'Sapiente quia expedita hic velit. Quis voluptatem ad cumque perspiciatis et quae. Animi libero mollitia iste sapiente cum aut. Inventore quia eum labore sunt voluptatem est.', 384, 5, 29, 3, '2019-12-09 05:21:01', '2019-12-09 05:21:01'),
(13, 'tenetur', 'Vel corrupti ipsam a temporibus minus dolorum. Ea culpa neque ex. Ut maiores enim rerum facere inventore sit quia.', 370, 4, 7, 3, '2019-12-09 05:21:01', '2019-12-09 05:21:01'),
(14, 'minus', 'Explicabo qui aut exercitationem quo. Quo rerum sapiente tempora ut ab. Amet amet nemo quo quasi voluptatum maxime. Beatae eligendi voluptates placeat dolores laudantium ex impedit quod.', 288, 7, 16, 2, '2019-12-09 05:21:01', '2019-12-09 05:21:01'),
(15, 'facilis', 'Voluptatem facere quia magni. Qui occaecati similique excepturi corrupti eos eum. Dolorum voluptatem quos voluptas ab dolore vel nobis impedit. Tenetur est eius eaque ab et in.', 498, 4, 7, 4, '2019-12-09 05:21:01', '2019-12-09 05:21:01'),
(16, 'non', 'Ut eos aut id rerum. Assumenda ut et et eos vel temporibus. Atque nihil consequatur accusamus voluptate officia molestias quia et. Qui tempore accusantium nostrum officia.', 237, 7, 30, 1, '2019-12-09 05:21:01', '2019-12-09 05:21:01'),
(17, 'optio', 'Possimus dolor laudantium consequatur iure dolores perspiciatis esse. Fugiat aut ea mollitia eum debitis corporis doloremque ea. Sapiente sequi eos dolore et et. Sint sit et aut omnis provident.', 971, 4, 6, 2, '2019-12-09 05:21:01', '2019-12-09 05:21:01'),
(18, 'asperiores', 'Possimus dolores possimus quaerat nesciunt a. Ea repellendus amet qui eaque odio.', 181, 9, 9, 1, '2019-12-09 05:21:01', '2019-12-09 05:21:01'),
(19, 'voluptatem', 'Quis odio fugiat harum. Neque optio pariatur aut modi minus minus. Illum esse sunt sed. Perferendis recusandae amet et sit.', 612, 2, 20, 5, '2019-12-09 05:21:01', '2019-12-09 05:21:01'),
(20, 'rerum', 'Laudantium iure et et nesciunt expedita. Consequatur enim nihil quam omnis. Non impedit autem molestias debitis dicta.', 922, 3, 14, 2, '2019-12-09 05:21:01', '2019-12-09 05:21:01'),
(21, 'at', 'Dolor fuga enim numquam et dolorem. Distinctio architecto placeat rem consectetur voluptatem. Est et optio est et ipsum.', 298, 5, 27, 3, '2019-12-09 05:21:01', '2019-12-09 05:21:01'),
(22, 'ab', 'Numquam magni qui culpa est voluptatem autem pariatur. Est provident dolorum inventore. Maxime rem inventore fuga occaecati consectetur. Cupiditate et iure exercitationem et voluptatum.', 617, 8, 12, 2, '2019-12-09 05:21:01', '2019-12-09 05:21:01'),
(23, 'blanditiis', 'Molestiae possimus incidunt eligendi eveniet tenetur nemo. Voluptas aut iusto placeat adipisci atque dolore natus.', 947, 2, 5, 3, '2019-12-09 05:21:01', '2019-12-09 05:21:01'),
(24, 'ut', 'Culpa rerum voluptate nam est quia consectetur. Maiores iste qui accusamus laboriosam ut. Omnis labore numquam quis. Similique omnis fuga recusandae odio rerum. Doloribus quae voluptatem eius.', 359, 8, 25, 5, '2019-12-09 05:21:01', '2019-12-09 05:21:01'),
(25, 'magnam', 'Labore sint similique dolore ut tempore labore incidunt. Temporibus dignissimos fugit perspiciatis maiores laudantium sequi. Amet laudantium delectus omnis impedit. Dicta voluptatibus sequi iure velit. Perspiciatis vitae temporibus dolorem aut accusantium quis eum ut.', 316, 1, 23, 2, '2019-12-09 05:21:01', '2019-12-09 05:21:01'),
(26, 'aliquam', 'Facere qui blanditiis et magni repudiandae molestias nisi. Quia quo dolor culpa repudiandae. Hic praesentium et asperiores numquam aut alias incidunt. Dolor quo ea iure cum. Adipisci numquam est illum maiores qui omnis dolor.', 1000, 9, 26, 3, '2019-12-09 05:21:01', '2019-12-09 05:21:01'),
(27, 'modi', 'Nulla nihil provident est illum consectetur. Eum magni ullam molestiae hic fugit libero. Sed et voluptas voluptates et voluptatem ut neque. Quaerat est dolores et et velit architecto.', 223, 5, 13, 4, '2019-12-09 05:21:01', '2019-12-09 05:21:01'),
(28, 'distinctio', 'Doloribus sapiente fugiat corrupti qui ipsa enim non quae. Voluptatem quos debitis tenetur maiores ipsa odit. Perspiciatis blanditiis aut quasi aut libero. Minima ipsa magnam sit unde.', 378, 4, 4, 2, '2019-12-09 05:21:01', '2019-12-09 05:21:01'),
(29, 'modi', 'Iste consequatur pariatur nostrum dolor nesciunt rerum aspernatur quia. Quis ipsa quasi molestiae. Quo et at optio aut. Mollitia reprehenderit quasi ea et eveniet.', 650, 1, 16, 3, '2019-12-09 05:21:01', '2019-12-09 05:21:01'),
(30, 'quae', 'Sunt qui ea doloribus illum quo mollitia delectus. Est est corporis nisi fuga eos cum sit. Nihil minima ut amet ut quisquam repellat beatae eum.', 855, 4, 11, 5, '2019-12-09 05:21:01', '2019-12-09 05:21:01'),
(31, 'ipsam', 'Aut excepturi quo vel officiis laboriosam non. Sequi veniam occaecati quaerat repellat. Corporis magnam laborum quia suscipit. Architecto sed voluptatibus tempora qui voluptates.', 885, 5, 6, 2, '2019-12-09 05:21:01', '2019-12-09 05:21:01'),
(32, 'voluptate', 'Molestias est reiciendis deserunt nihil vel omnis. Omnis ducimus ducimus vel qui exercitationem vitae qui natus. Ut voluptatem porro rem nemo. Vitae temporibus molestiae ipsum ut.', 753, 8, 24, 4, '2019-12-09 05:21:01', '2019-12-09 05:21:01'),
(33, 'voluptatem', 'Ut et illo ipsa voluptatem recusandae possimus. Dolorem reprehenderit dolores rem. Praesentium eos enim optio voluptas. Dolore minus doloribus non rem expedita debitis.', 188, 6, 10, 3, '2019-12-09 05:21:01', '2019-12-09 05:21:01'),
(34, 'ut', 'Occaecati qui iusto maiores dolores. Culpa consequatur ullam soluta sit libero sed. Vel qui unde magni quia.', 341, 1, 21, 3, '2019-12-09 05:21:01', '2019-12-09 05:21:01'),
(35, 'sit', 'Recusandae aut minima accusantium autem dolor facere. Esse molestiae dolorem qui quas nihil ullam esse voluptatem. Quia laboriosam ad laboriosam distinctio.', 165, 7, 30, 5, '2019-12-09 05:21:01', '2019-12-09 05:21:01'),
(36, 'debitis', 'Ea possimus autem ducimus eum. Maxime nihil delectus odio omnis occaecati voluptate. Consequatur quibusdam enim debitis et. Molestiae aliquam maxime non voluptatem.', 106, 7, 27, 1, '2019-12-09 05:21:01', '2019-12-09 05:21:01'),
(37, 'tempora', 'Voluptas vitae culpa et consectetur quia. Et quis dolorem qui nihil velit rerum. Sed eos sed rerum repudiandae id. Amet libero alias quae natus id voluptatem.', 738, 1, 17, 2, '2019-12-09 05:21:01', '2019-12-09 05:21:01'),
(38, 'a', 'Cum assumenda veniam eum sit et aut. Ratione amet perferendis quisquam dolorum et. Aliquam consequatur voluptas dolor et. Voluptatem id quasi quidem est sit ab aut.', 163, 0, 10, 5, '2019-12-09 05:21:01', '2019-12-09 05:21:01'),
(39, 'quam', 'Alias dolores exercitationem blanditiis laborum vitae velit magni soluta. Ex harum omnis amet doloremque ut id vitae. Libero nisi quia non omnis ad quia quas autem.', 204, 3, 10, 1, '2019-12-09 05:21:01', '2019-12-09 05:21:01'),
(40, 'recusandae', 'Velit repellendus molestiae unde aliquam autem sunt. Nam corporis ut vero eius incidunt quia. Sunt quia quo consequatur amet voluptates error nam.', 732, 1, 13, 2, '2019-12-09 05:21:01', '2019-12-09 05:21:01'),
(41, 'necessitatibus', 'Esse ex a doloremque. Ipsam est similique molestiae deserunt voluptates. Non error voluptatem dicta.', 366, 2, 12, 3, '2019-12-09 05:21:01', '2019-12-09 05:21:01'),
(42, 'nam', 'Delectus aut et nihil asperiores. Quaerat aut tempora aut provident. Necessitatibus exercitationem laborum cupiditate blanditiis qui cumque rerum. Eaque autem provident sed quis et ad. Quasi sit ut repellendus in et voluptates.', 310, 3, 23, 4, '2019-12-09 05:21:01', '2019-12-09 05:21:01'),
(43, 'quia', 'Neque aperiam beatae possimus eaque molestiae. Qui aut sit molestiae sed at. Cumque et illo ut nesciunt tenetur illum architecto.', 789, 0, 22, 1, '2019-12-09 05:21:01', '2019-12-09 05:21:01'),
(44, 'nobis', 'Voluptatem iusto officia mollitia nihil voluptas ipsa doloremque. Facilis cum minus tempore veritatis quaerat inventore. Quasi cum modi dolor aut qui porro similique.', 450, 5, 11, 1, '2019-12-09 05:21:01', '2019-12-09 05:21:01'),
(45, 'hic', 'Illum laboriosam quis aut aperiam. Et est qui laboriosam incidunt ea eveniet fuga. Rerum cupiditate impedit et similique sequi.', 683, 3, 27, 4, '2019-12-09 05:21:01', '2019-12-09 05:21:01'),
(46, 'aut', 'Totam officiis soluta laborum nihil. Fugiat esse officiis qui cum earum accusantium. Vitae non et eligendi aut quos. Et doloremque libero rerum hic ab minima.', 298, 4, 24, 5, '2019-12-09 05:21:01', '2019-12-09 05:21:01'),
(47, 'impedit', 'Aut eveniet officiis vero nostrum odio. Fuga ut ipsum nobis expedita esse. Soluta nihil id consectetur harum ut.', 381, 3, 20, 2, '2019-12-09 05:21:01', '2019-12-09 05:21:01'),
(48, 'molestiae', 'Ea itaque ad in accusamus. Incidunt ipsam dignissimos et et accusamus. Praesentium labore consequatur asperiores illo.', 270, 9, 26, 1, '2019-12-09 05:21:01', '2019-12-09 05:21:01'),
(49, 'ea', 'Eaque aspernatur aperiam velit labore nostrum. Impedit dolores culpa provident non accusamus. Accusamus eum corporis illum. Doloribus velit est dolor autem. Harum quaerat non laboriosam adipisci distinctio numquam.', 523, 0, 10, 5, '2019-12-09 05:21:01', '2019-12-09 05:21:01'),
(50, 'et', 'Ducimus quis tenetur aspernatur ex explicabo ut. Minus expedita aperiam quis aut aut voluptatibus exercitationem. Enim et enim excepturi sed quo. Eaque quas beatae quo consequuntur iusto totam in aut.', 430, 0, 15, 1, '2019-12-09 05:21:01', '2019-12-09 05:21:01');

-- --------------------------------------------------------

--
-- Table structure for table `reviews`
--

CREATE TABLE `reviews` (
  `id` int(10) UNSIGNED NOT NULL,
  `product_id` int(10) UNSIGNED NOT NULL,
  `customer` varchar(255) COLLATE utf8mb4_unicode_ci NOT NULL,
  `review` text COLLATE utf8mb4_unicode_ci NOT NULL,
  `star` int(11) NOT NULL,
  `created_at` timestamp NULL DEFAULT NULL,
  `updated_at` timestamp NULL DEFAULT NULL
) ENGINE=InnoDB DEFAULT CHARSET=utf8mb4 COLLATE=utf8mb4_unicode_ci;

--
-- Dumping data for table `reviews`
--

INSERT INTO `reviews` (`id`, `product_id`, `customer`, `review`, `star`, `created_at`, `updated_at`) VALUES
(1, 3, 'Mr. Javon Will Jr.', 'Asperiores atque omnis delectus possimus similique. Dolor perferendis voluptas aut. Dolore blanditiis qui aut voluptatem. Aspernatur eligendi vel ut quia laborum accusantium rerum.', 2, '2019-12-09 05:21:02', '2019-12-09 05:21:02'),
(2, 45, 'Chadd Wisozk', 'Tenetur minus aut doloremque magni. Facilis eius et quo inventore expedita. Nihil cumque inventore aliquam in quia.', 4, '2019-12-09 05:21:02', '2019-12-09 05:21:02'),
(3, 2, 'Mr. Horace Green', 'Numquam unde at dolore mollitia. Adipisci commodi quia rerum quia. Delectus dolor quia cum quam odio. Sed sit quia voluptas laborum laboriosam nihil.', 3, '2019-12-09 05:21:02', '2019-12-09 05:21:02'),
(4, 46, 'Tianna Willms', 'Ab accusantium sed consequatur qui repudiandae debitis nihil. Voluptatem nihil nihil pariatur quaerat illum enim.', 4, '2019-12-09 05:21:02', '2019-12-09 05:21:02'),
(5, 7, 'Erica Glover', 'Exercitationem molestiae reprehenderit aliquid delectus et nemo. Recusandae expedita doloremque perspiciatis labore vitae aut quod sint. Facere nobis et illum rerum eaque.', 1, '2019-12-09 05:21:02', '2019-12-09 05:21:02'),
(6, 26, 'Jasen Corkery', 'Distinctio quidem reiciendis aut quasi. Vel voluptatibus nihil quia pariatur. Dolore aspernatur magnam perspiciatis nostrum labore cum.', 5, '2019-12-09 05:21:02', '2019-12-09 05:21:02'),
(7, 28, 'Dr. Jameson Reichert I', 'Odit quam quaerat in in. Consectetur consectetur qui eos animi dolorum quo. Molestiae et quo doloremque.', 1, '2019-12-09 05:21:02', '2019-12-09 05:21:02'),
(8, 16, 'Laurine Cormier', 'Aut alias ut totam consequatur. Minus explicabo rerum molestiae dolores voluptas et. Sed ipsam eveniet nemo rerum dolores eum itaque. Similique nostrum laboriosam eligendi aut.', 3, '2019-12-09 05:21:02', '2019-12-09 05:21:02'),
(9, 45, 'Sandrine Jones', 'Ipsa provident perferendis assumenda et adipisci illo magni. Dignissimos suscipit explicabo sequi modi sunt et iusto. Possimus eos rerum voluptatem. Fugit architecto qui libero ut occaecati laudantium optio rerum. Consequatur est dolores ut.', 0, '2019-12-09 05:21:02', '2019-12-09 05:21:02'),
(10, 34, 'Mrs. Ramona Jast IV', 'Sunt rerum id incidunt ullam quia voluptatem veritatis. Quia quae accusamus ex enim a ipsam dolore. Velit est omnis iste reiciendis. Modi deserunt illo aliquam nemo similique.', 1, '2019-12-09 05:21:02', '2019-12-09 05:21:02'),
(11, 32, 'Jayce Kutch', 'Excepturi soluta veritatis assumenda sint. In perferendis omnis blanditiis voluptatem. Omnis at exercitationem quibusdam hic. Maxime est magnam sed sint delectus facilis vel.', 0, '2019-12-09 05:21:02', '2019-12-09 05:21:02'),
(12, 49, 'Prof. Christy Pfannerstill DVM', 'Est eum vitae quis qui sed. Qui natus cumque eaque perspiciatis cum qui vel non. Est saepe harum accusantium dolores voluptas. Amet voluptate repellat eum enim soluta eius et voluptas. Tenetur harum praesentium sint dolor laborum id.', 0, '2019-12-09 05:21:02', '2019-12-09 05:21:02'),
(13, 22, 'Fay Leffler', 'Voluptatem officiis cumque dolores. Quis possimus tenetur dolore dolores nam non. Quidem dolore esse provident quos incidunt voluptatibus eius.', 0, '2019-12-09 05:21:02', '2019-12-09 05:21:02'),
(14, 2, 'Troy Prohaska', 'Sit quis dolor deleniti impedit explicabo. Velit deleniti aut dolore quas libero. Ea mollitia sunt magni ullam. Quis et velit dolor magnam hic sapiente sunt.', 5, '2019-12-09 05:21:02', '2019-12-09 05:21:02'),
(15, 26, 'Tatyana Braun', 'Repellendus soluta laudantium est rem et aut deleniti. Qui doloribus iure omnis nihil cupiditate sunt sint. Cum eligendi molestiae et in sed labore expedita. Expedita voluptatem reiciendis veritatis modi quo perferendis perspiciatis. Ipsa dolores eos asperiores necessitatibus est sint consequatur sed.', 0, '2019-12-09 05:21:02', '2019-12-09 05:21:02'),
(16, 9, 'Cydney Schoen', 'Vitae officia corporis ut non quos. Sed incidunt non dignissimos voluptatem dolor accusantium. Non eius consequatur culpa nam et possimus.', 2, '2019-12-09 05:21:02', '2019-12-09 05:21:02'),
(17, 37, 'Araceli Cremin', 'Provident et aut vel nihil ut. Sequi qui veniam fuga quia iste eum. Ratione eveniet repudiandae est minima possimus repudiandae reprehenderit exercitationem. Enim suscipit unde perferendis commodi non possimus debitis temporibus.', 0, '2019-12-09 05:21:02', '2019-12-09 05:21:02'),
(18, 15, 'Mr. Presley Rogahn', 'Molestiae eos distinctio quia repudiandae autem velit quia. Magni ut illo quis fugit aut possimus sit. Dicta veritatis tempora officia in et ullam. Nostrum magni vero est dolore itaque culpa vero aspernatur.', 4, '2019-12-09 05:21:02', '2019-12-09 05:21:02'),
(19, 36, 'Ramon Feest', 'Neque sunt eligendi sapiente cum. Voluptas provident dolores ad voluptates unde autem consequatur.', 3, '2019-12-09 05:21:02', '2019-12-09 05:21:02'),
(20, 22, 'Prof. Lenora Friesen DDS', 'Dicta rerum deserunt non amet ut. Sunt dolorum dignissimos corporis ab dignissimos nam sequi. Quia aut perferendis nisi facilis. Laboriosam esse sunt perspiciatis deserunt nobis.', 2, '2019-12-09 05:21:02', '2019-12-09 05:21:02'),
(21, 35, 'Prof. Johnathan Steuber MD', 'Placeat exercitationem libero exercitationem. Doloribus commodi in assumenda et aperiam repudiandae ducimus molestiae. Voluptatem ipsam eius maxime praesentium ipsa similique nobis.', 3, '2019-12-09 05:21:02', '2019-12-09 05:21:02'),
(22, 18, 'Nathen Bogisich', 'Eum distinctio et veritatis eum. Ut sed facilis atque. Autem ipsum id officia quidem enim. Sapiente consequatur dignissimos nam praesentium nostrum. Aliquid ab accusamus placeat non sunt et qui.', 1, '2019-12-09 05:21:02', '2019-12-09 05:21:02'),
(23, 17, 'Miss Josephine Baumbach DDS', 'Atque quia nostrum provident quo qui. Vel et molestiae aut. Sunt in dolorem reiciendis incidunt.', 2, '2019-12-09 05:21:02', '2019-12-09 05:21:02'),
(24, 7, 'Prof. Brent Roberts V', 'Iste dolore architecto incidunt eius et sit libero excepturi. Ut voluptas totam totam itaque. Dignissimos modi eligendi ut assumenda qui aut. Hic magnam voluptates nesciunt debitis sint blanditiis sit.', 4, '2019-12-09 05:21:02', '2019-12-09 05:21:02'),
(25, 47, 'Adah Howe', 'Qui tempore magni ut autem. Tempora dolores error qui est odit unde eligendi. Quos sint voluptatum sunt voluptatum ullam.', 3, '2019-12-09 05:21:02', '2019-12-09 05:21:02'),
(26, 43, 'Santos Beahan', 'Quibusdam aut distinctio quisquam saepe perferendis. Quia illo est nesciunt. Distinctio et eos earum quia. Nostrum ipsam alias delectus omnis eum expedita.', 5, '2019-12-09 05:21:02', '2019-12-09 05:21:02'),
(27, 27, 'Lilla Abshire', 'Quaerat praesentium doloremque in officia id ducimus. Qui ea et officiis odit eligendi aut. Earum sit nihil adipisci sed. Voluptatem sit voluptas quam est delectus unde voluptatibus amet.', 0, '2019-12-09 05:21:02', '2019-12-09 05:21:02'),
(28, 15, 'Dr. Dante Okuneva', 'Voluptas recusandae odit odio vel autem assumenda quis. Et sequi eos nulla commodi quaerat reiciendis ut repellat. Minus sunt doloribus quis vel at et molestiae.', 0, '2019-12-09 05:21:02', '2019-12-09 05:21:02'),
(29, 14, 'Mr. Chaz Kihn', 'Esse iusto aut tempora sequi sit pariatur. Voluptates temporibus iusto nihil rem voluptatibus molestias. Sit consequuntur rem doloribus repudiandae aliquam corrupti in odio.', 0, '2019-12-09 05:21:02', '2019-12-09 05:21:02'),
(30, 7, 'Trystan Graham', 'Quo et nemo quas labore maxime et. Ut et ut itaque incidunt. Molestiae delectus vitae dolor possimus. A qui illum iure non.', 1, '2019-12-09 05:21:02', '2019-12-09 05:21:02'),
(31, 13, 'Mr. Malachi Watsica', 'Dignissimos est ipsa corporis odio. Ut eveniet et dolorum odit. Voluptatem optio ipsa doloribus ut. Sed unde et maxime enim facilis voluptas.', 0, '2019-12-09 05:21:02', '2019-12-09 05:21:02'),
(32, 8, 'Ms. Mossie Walter Jr.', 'Sapiente ut dicta mollitia eaque maxime saepe necessitatibus. Molestias quis deserunt laudantium repellat repudiandae debitis id nobis. Et dolores quasi sed cupiditate et esse iure.', 1, '2019-12-09 05:21:02', '2019-12-09 05:21:02'),
(33, 23, 'Dr. Reuben Crooks MD', 'Nihil cupiditate iste sed in. Perspiciatis et a rem et id ut. Nam ad placeat aut error non rem voluptatem. Consequuntur quia ut sit non suscipit.', 5, '2019-12-09 05:21:02', '2019-12-09 05:21:02'),
(34, 6, 'Miss Magdalena Osinski V', 'Quis ut autem suscipit voluptatem. Assumenda cum ipsum rerum modi. Non minus dolore dolorum quaerat sunt.', 2, '2019-12-09 05:21:02', '2019-12-09 05:21:02'),
(35, 48, 'Ellis Botsford', 'Quia et qui labore assumenda natus praesentium commodi delectus. Esse minus at quia magnam.', 3, '2019-12-09 05:21:02', '2019-12-09 05:21:02'),
(36, 50, 'Blaise Rowe DDS', 'Veniam enim aperiam facere sint quia. Quibusdam temporibus necessitatibus et officia consequatur nihil laudantium. Est eum dolorem hic porro.', 3, '2019-12-09 05:21:02', '2019-12-09 05:21:02'),
(37, 45, 'Kaia Zieme', 'Sunt nemo esse dolores doloremque. Qui quia vero nesciunt maxime quia doloribus. Quis ad itaque ut occaecati porro. Recusandae tenetur nam enim ipsum numquam.', 3, '2019-12-09 05:21:02', '2019-12-09 05:21:02'),
(38, 44, 'Diana Pagac', 'Quos aperiam quisquam doloremque delectus fuga. Aliquam praesentium nesciunt ratione animi quis. Nulla reiciendis ipsa occaecati reprehenderit et quo dolorum.', 1, '2019-12-09 05:21:02', '2019-12-09 05:21:02'),
(39, 13, 'Muriel Weber', 'Quis nobis et aspernatur natus. Ab in rerum nam repellendus cum eligendi. Itaque quia dolorem dolorum magni eveniet. Qui enim ipsa laborum ad consequatur libero.', 4, '2019-12-09 05:21:02', '2019-12-09 05:21:02'),
(40, 34, 'Dr. Esta Lueilwitz', 'Sapiente quisquam est alias veritatis et perferendis inventore. Culpa quae et sint labore delectus corporis ullam. Et iste sed sint fuga.', 3, '2019-12-09 05:21:02', '2019-12-09 05:21:02'),
(41, 26, 'Dr. Dejuan Dach', 'Pariatur quae et maxime consequatur quos. Tenetur consequatur asperiores ut voluptate id quis molestias quis. Repellendus dignissimos illum vel aut sunt voluptas.', 1, '2019-12-09 05:21:02', '2019-12-09 05:21:02'),
(42, 25, 'Luther Hettinger PhD', 'Aut nisi nulla quia ipsa aut nam magnam. Alias molestias ut excepturi accusantium pariatur voluptatem quos. Laborum ducimus consequuntur amet ea.', 3, '2019-12-09 05:21:02', '2019-12-09 05:21:02'),
(43, 47, 'Jose Torphy', 'Soluta porro et maiores eos. Praesentium et aspernatur odit. Et illo pariatur culpa nam aut. Ut assumenda cumque perspiciatis doloribus.', 4, '2019-12-09 05:21:02', '2019-12-09 05:21:02'),
(44, 26, 'Solon Mante III', 'Alias exercitationem ut expedita ut. Culpa et quo aut dolorum aut et.', 4, '2019-12-09 05:21:02', '2019-12-09 05:21:02'),
(45, 43, 'Kathryne Lehner', 'Corporis ea alias voluptatum nam minus omnis facilis provident. Vero quia ut enim enim dignissimos. Fugit perspiciatis neque architecto doloribus ea optio est ea. Possimus aut ut repudiandae nemo sit.', 2, '2019-12-09 05:21:02', '2019-12-09 05:21:02'),
(46, 21, 'Destinee Boehm PhD', 'Voluptatem quia ipsum dolore aut dolores. Quam qui eaque voluptas quia perferendis quidem. Non qui velit ut earum id iusto hic. Ducimus nisi et necessitatibus nulla neque cupiditate.', 0, '2019-12-09 05:21:02', '2019-12-09 05:21:02'),
(47, 17, 'Prof. Jazlyn Gibson III', 'Deleniti rerum a est dolores dolore ipsa rem dolor. Et voluptatem consequatur numquam quisquam ea placeat. Sit explicabo autem accusamus totam praesentium ab aut accusantium.', 3, '2019-12-09 05:21:02', '2019-12-09 05:21:02'),
(48, 50, 'Alisha Effertz', 'Rerum dolore sit quasi voluptatem. Et nemo debitis ut incidunt possimus quod. Veritatis cumque similique assumenda aperiam inventore ipsam sunt odio. Commodi aut numquam qui. Dolores assumenda tempore id consequatur nisi.', 1, '2019-12-09 05:21:02', '2019-12-09 05:21:02'),
(49, 50, 'Chaya Gorczany', 'Et nostrum corrupti nemo. Id voluptatibus tenetur excepturi est nisi possimus harum. Temporibus ullam ex et natus. Eos ipsum aliquid et omnis.', 5, '2019-12-09 05:21:02', '2019-12-09 05:21:02'),
(50, 36, 'Dr. Romaine Willms', 'Fugiat voluptas facere rerum inventore. Qui rem maiores cumque nemo tenetur ipsa. At libero laborum sequi odit.', 0, '2019-12-09 05:21:02', '2019-12-09 05:21:02'),
(51, 26, 'Alize Corkery', 'Nihil deleniti ut dolores. Quod harum error eum quo consequuntur. Cum qui et vero fugiat exercitationem. Minus et quod dolor nihil.', 0, '2019-12-09 05:21:02', '2019-12-09 05:21:02'),
(52, 4, 'Amaya Kemmer Sr.', 'Sunt et omnis provident dignissimos possimus cupiditate vero necessitatibus. Nesciunt assumenda et a qui aut. Consequatur esse eligendi optio et in enim.', 4, '2019-12-09 05:21:02', '2019-12-09 05:21:02'),
(53, 44, 'Aniya Waelchi', 'Nihil quia et id maiores. Dolor alias dignissimos rem beatae et optio. Nisi natus ea laudantium vitae. Ut illo aut nesciunt sapiente laboriosam facere.', 5, '2019-12-09 05:21:02', '2019-12-09 05:21:02'),
(54, 21, 'Prof. Morris Borer', 'Eligendi et occaecati autem eius cumque. Qui quasi nemo et est. Reprehenderit et sed enim.', 5, '2019-12-09 05:21:02', '2019-12-09 05:21:02'),
(55, 17, 'Ulices Keeling', 'Aliquam aut quam distinctio necessitatibus voluptates consequatur. Unde quam et eaque cumque sint velit. Nostrum autem enim at ullam in sunt sed. Aut ipsum velit quisquam vel.', 1, '2019-12-09 05:21:02', '2019-12-09 05:21:02'),
(56, 15, 'Prof. Carleton Kunze MD', 'Quibusdam reprehenderit omnis in delectus minima quam architecto. Accusamus est consequuntur ea dolor. Et sint magnam quo perferendis. Facere nisi fugiat et fuga.', 5, '2019-12-09 05:21:02', '2019-12-09 05:21:02'),
(57, 4, 'Taya Weber', 'Et ex est nam nobis provident in laborum ut. Ut nihil dolor vitae et quae quia consequatur. Culpa voluptatem numquam nam a ut tempora.', 2, '2019-12-09 05:21:02', '2019-12-09 05:21:02'),
(58, 18, 'Ms. Anika Stehr', 'Totam aliquam a explicabo et fugiat animi voluptas. Fugiat natus necessitatibus ut libero quis sed maxime amet. Quibusdam rem ratione pariatur quibusdam rerum odio.', 0, '2019-12-09 05:21:02', '2019-12-09 05:21:02'),
(59, 43, 'Ms. Breana Deckow IV', 'Et ut mollitia commodi iusto sed fuga. Dolorem illum voluptate id voluptatibus qui ea. Fugiat reprehenderit ea ea voluptatibus animi aut. Officiis alias dicta aut nemo sapiente autem.', 5, '2019-12-09 05:21:02', '2019-12-09 05:21:02'),
(60, 31, 'Stefanie Schaefer', 'Maxime porro voluptates quia aliquam nisi iure et. Molestias sit occaecati sit et aut accusamus officia impedit. Ullam esse dolores sint possimus dolores fuga voluptas. Illo laboriosam facere quisquam eius.', 4, '2019-12-09 05:21:02', '2019-12-09 05:21:02'),
(61, 6, 'Granville Jones', 'Est sed esse temporibus recusandae placeat. Occaecati quia maxime qui maiores et ut debitis. Similique maiores fuga aut facilis cumque atque.', 1, '2019-12-09 05:21:02', '2019-12-09 05:21:02'),
(62, 5, 'Mr. Orrin Smitham IV', 'Quos unde mollitia at quisquam voluptatem architecto sit. Voluptate qui aut dolores praesentium nesciunt. Rerum et voluptas fugit id sunt ullam ut.', 1, '2019-12-09 05:21:02', '2019-12-09 05:21:02'),
(63, 46, 'Osvaldo Doyle', 'Quia asperiores exercitationem voluptatibus vel illo dolor eum. Omnis adipisci enim non sed odit et. Illo aspernatur aperiam aut voluptatem.', 3, '2019-12-09 05:21:02', '2019-12-09 05:21:02'),
(64, 38, 'Mittie Watsica I', 'Nesciunt veniam explicabo blanditiis in. Nihil delectus modi iste molestiae quam qui. Minus maiores pariatur et quidem aut et. Iure voluptatem et corporis saepe nisi.', 1, '2019-12-09 05:21:02', '2019-12-09 05:21:02'),
(65, 13, 'Lonnie Ledner', 'Voluptate facere veniam optio vero. Illum atque atque quas nulla illum consequatur aut ipsa. Maiores suscipit explicabo repudiandae.', 0, '2019-12-09 05:21:02', '2019-12-09 05:21:02'),
(66, 42, 'Vivien Hickle', 'Dolor tenetur consequatur suscipit vero est vero. In incidunt temporibus et blanditiis rerum officia vero. Reprehenderit dicta tempore sint facere.', 0, '2019-12-09 05:21:02', '2019-12-09 05:21:02'),
(67, 48, 'Prof. Karley Smitham', 'Animi adipisci amet id magni optio. Voluptas modi suscipit officiis animi ad. Praesentium facilis nobis possimus placeat eaque vitae.', 0, '2019-12-09 05:21:02', '2019-12-09 05:21:02'),
(68, 24, 'Jeremie Macejkovic', 'Molestiae doloremque vero laborum unde. Et nam quas est distinctio rerum aspernatur et. Porro aut sit qui voluptas quis voluptatem. Eius perspiciatis sint ad et.', 3, '2019-12-09 05:21:02', '2019-12-09 05:21:02'),
(69, 39, 'Samanta O\'Hara', 'Maiores dolores dicta ratione sed mollitia perspiciatis possimus. Dolorem esse distinctio quod itaque deserunt maxime similique. Velit facilis reiciendis dolor.', 2, '2019-12-09 05:21:02', '2019-12-09 05:21:02'),
(70, 30, 'Fernando Runte', 'Quidem dolorem vel officiis eveniet ducimus. Eaque necessitatibus ratione odio. Eaque iste saepe necessitatibus omnis. Cum recusandae eos veniam rerum.', 1, '2019-12-09 05:21:02', '2019-12-09 05:21:02'),
(71, 27, 'Margarett Sauer', 'Iure et dolorem labore dolore doloremque. Id ut omnis voluptas voluptatem. Ut sint sed voluptatem doloribus aspernatur voluptate unde.', 1, '2019-12-09 05:21:02', '2019-12-09 05:21:02'),
(72, 29, 'Mr. Dario Mayer MD', 'Quisquam non qui quaerat sed. Velit velit quisquam debitis repellendus. Unde provident vel et in.', 2, '2019-12-09 05:21:02', '2019-12-09 05:21:02'),
(73, 10, 'Brody Zulauf', 'In animi qui in qui amet voluptate distinctio inventore. Animi aut sed perferendis qui architecto non dolorum dignissimos. Rerum amet in porro consequatur illum quas magnam atque.', 1, '2019-12-09 05:21:02', '2019-12-09 05:21:02'),
(74, 10, 'Dusty Stark', 'Tempore doloribus quod blanditiis reiciendis animi tenetur nemo. Ad vitae quis aut nihil et illo. At velit labore aut natus eos. In accusantium facere corporis est.', 4, '2019-12-09 05:21:02', '2019-12-09 05:21:02'),
(75, 43, 'Prof. Hilario Keeling', 'Est neque corrupti similique earum et ut impedit. Sed magni molestias modi recusandae repellendus in. Libero ut sed reiciendis et praesentium dolorum.', 5, '2019-12-09 05:21:02', '2019-12-09 05:21:02'),
(76, 47, 'Lessie Bernier', 'Dolorum vel autem ducimus quisquam. Quaerat aliquam aut atque dolor. Reprehenderit velit distinctio nobis nam delectus maiores laborum aperiam. Reprehenderit quidem eos officiis odio.', 1, '2019-12-09 05:21:02', '2019-12-09 05:21:02'),
(77, 34, 'Dr. Russel Pfannerstill IV', 'Reprehenderit ut ullam non dolorem qui autem. Aut earum asperiores reiciendis quidem sit voluptate veritatis.', 1, '2019-12-09 05:21:02', '2019-12-09 05:21:02'),
(78, 43, 'Hazle D\'Amore', 'Vero id nesciunt qui provident adipisci est quia qui. Id fuga necessitatibus rerum voluptas neque modi consequatur odit. Eum qui libero eaque amet eaque.', 3, '2019-12-09 05:21:02', '2019-12-09 05:21:02'),
(79, 33, 'Presley O\'Keefe Jr.', 'Quisquam reprehenderit alias mollitia quasi accusantium ex officia. Facere exercitationem omnis numquam. Recusandae ea dignissimos totam error fuga quibusdam nostrum. Eligendi consequuntur iste et. Consequatur rerum in doloremque ducimus.', 3, '2019-12-09 05:21:02', '2019-12-09 05:21:02'),
(80, 21, 'Dr. Torrance Witting', 'Est et voluptas pariatur libero molestias incidunt. Qui quis culpa id illo ut voluptatem ea. Esse consectetur ut debitis est consequatur eaque explicabo.', 0, '2019-12-09 05:21:02', '2019-12-09 05:21:02'),
(81, 43, 'Gardner Bruen', 'Culpa quia dolorum omnis autem. Velit consectetur id perspiciatis autem. Omnis soluta odio rerum doloribus mollitia.', 0, '2019-12-09 05:21:02', '2019-12-09 05:21:02'),
(82, 16, 'Miss Michele Reinger', 'Ut aut ex non aut excepturi sunt. Voluptatem adipisci sapiente aliquid aut pariatur veniam. Praesentium exercitationem illo dicta cumque aut corporis hic.', 2, '2019-12-09 05:21:02', '2019-12-09 05:21:02'),
(83, 50, 'Mr. Fredrick Schmidt', 'Aut occaecati voluptatem ipsa eligendi tempora. Asperiores voluptate quas nemo in. Sapiente et voluptates magnam excepturi quisquam dolore.', 2, '2019-12-09 05:21:02', '2019-12-09 05:21:02'),
(84, 13, 'Prof. Cheyenne Satterfield', 'Nisi ut ab corporis id fugiat. Adipisci autem eveniet et quo et. Repellat rerum minima eos exercitationem.', 4, '2019-12-09 05:21:02', '2019-12-09 05:21:02'),
(85, 43, 'Norberto Mertz', 'Tenetur expedita facere ut nam est sit itaque. Animi nemo sed et provident. Sint consequuntur dolorem officia harum neque dolor est. Temporibus ducimus excepturi pariatur adipisci rerum iste sed.', 3, '2019-12-09 05:21:02', '2019-12-09 05:21:02'),
(86, 12, 'Raegan Grady', 'Inventore rerum possimus et sit libero ut. Eaque ut enim rerum. Architecto eum laboriosam et voluptas. Aut ipsum beatae exercitationem sunt tempora.', 4, '2019-12-09 05:21:02', '2019-12-09 05:21:02'),
(87, 31, 'Ayden Barton', 'Eos eaque veniam asperiores quia doloremque hic rerum blanditiis. Voluptates aut qui et reiciendis ut est tenetur. Veniam eligendi harum voluptatum veritatis minus delectus odit.', 2, '2019-12-09 05:21:02', '2019-12-09 05:21:02'),
(88, 13, 'Kenneth Sauer', 'Blanditiis corporis unde ut dolorum. Sint repellendus est deleniti ea error illo. Non libero maxime et similique.', 3, '2019-12-09 05:21:02', '2019-12-09 05:21:02'),
(89, 49, 'Prof. Reymundo Nicolas', 'Distinctio non fugit provident excepturi. Omnis fuga sequi autem non. Iste alias hic et suscipit. Sunt sunt ut iure accusamus.', 0, '2019-12-09 05:21:02', '2019-12-09 05:21:02'),
(90, 23, 'Miss Estefania Johnston Sr.', 'Vel sequi eaque quia eum. Natus sapiente temporibus ut impedit vero molestiae qui. Eligendi non et sint repellendus voluptatibus. Pariatur nesciunt quo soluta autem voluptatem dolor sunt. Facere id omnis doloribus et consequatur qui.', 2, '2019-12-09 05:21:02', '2019-12-09 05:21:02'),
(91, 38, 'Prof. Kallie Murazik', 'Voluptatum facere illo modi aspernatur eaque ea. Sunt doloremque et quam et consequatur ea quam.', 2, '2019-12-09 05:21:02', '2019-12-09 05:21:02'),
(92, 40, 'Dr. Wilton Schuster Jr.', 'Ad illo qui veritatis consequatur facilis. Dolor unde consequatur odio molestiae aspernatur.', 2, '2019-12-09 05:21:02', '2019-12-09 05:21:02'),
(93, 7, 'Easton Rippin', 'Porro doloremque dolores perferendis. Eos id quaerat rerum.', 0, '2019-12-09 05:21:02', '2019-12-09 05:21:02'),
(94, 4, 'Eino Mueller', 'Facilis et mollitia tenetur labore. Incidunt pariatur culpa eum debitis quia voluptatum perferendis.', 3, '2019-12-09 05:21:02', '2019-12-09 05:21:02'),
(95, 15, 'Logan Schumm Jr.', 'Molestias consectetur maxime ut odio sed quis et. Cupiditate repellat quos vero tempora totam dolorem ipsa. A iste consectetur ducimus neque blanditiis ratione voluptate.', 0, '2019-12-09 05:21:02', '2019-12-09 05:21:02'),
(96, 37, 'Sonya Rodriguez DVM', 'Repudiandae et ducimus rerum earum architecto at nobis quod. Quisquam quibusdam quo eos id sed cum. Distinctio recusandae facilis molestiae architecto sit sint dolorum ipsam. Totam minima itaque quia maxime id.', 3, '2019-12-09 05:21:02', '2019-12-09 05:21:02'),
(97, 38, 'Prof. Savion Pollich', 'Quam est nesciunt sint voluptas voluptatem quasi et. Tempora praesentium repellat sit error repellat veritatis vitae. Veritatis et nemo voluptas maiores adipisci necessitatibus. Explicabo et consequatur quisquam impedit.', 1, '2019-12-09 05:21:02', '2019-12-09 05:21:02'),
(98, 2, 'Herman Schmidt', 'Repellat et qui modi quia modi eum aut. Et labore provident magnam dolorem distinctio architecto occaecati quam. Est iusto ratione sint provident doloribus.', 4, '2019-12-09 05:21:02', '2019-12-09 05:21:02'),
(99, 50, 'Dr. Caterina Boehm', 'Aperiam nemo quae est earum ducimus. Autem facere sit veniam eaque expedita excepturi quo. Qui molestias illum dolorum sint aliquid atque veniam quos.', 2, '2019-12-09 05:21:02', '2019-12-09 05:21:02'),
(100, 6, 'Sylvan Rogahn', 'Quaerat ut consequatur et fugit. Voluptatem temporibus porro amet quos quaerat. Rerum est porro aliquam qui ea.', 3, '2019-12-09 05:21:02', '2019-12-09 05:21:02'),
(101, 35, 'Floy Tremblay', 'Non aspernatur molestias vel quo consequatur fugiat. Velit dolorum sequi possimus consequatur perspiciatis porro. Ut cupiditate omnis impedit quasi et excepturi in.', 0, '2019-12-09 05:21:02', '2019-12-09 05:21:02'),
(102, 30, 'Daniella Kub', 'Labore hic delectus fugiat dolorum. Enim omnis ab error corporis sit magni. Id ullam vel veritatis ratione et quos et qui. Maxime adipisci qui vitae.', 1, '2019-12-09 05:21:02', '2019-12-09 05:21:02'),
(103, 41, 'Orie Hagenes IV', 'Incidunt hic aliquam qui dolores voluptas et. Ipsa cupiditate qui consequatur ea omnis ea. Enim ut corrupti repellat quam culpa enim in. In aut distinctio dolorem labore. Maxime ut harum excepturi ut.', 5, '2019-12-09 05:21:02', '2019-12-09 05:21:02'),
(104, 50, 'Domingo Yost', 'Voluptas nostrum aut debitis ratione non est. Qui facilis est quod. Laboriosam qui pariatur reprehenderit ratione.', 3, '2019-12-09 05:21:02', '2019-12-09 05:21:02'),
(105, 50, 'Raegan Gutkowski', 'Sunt rerum et dolore beatae facilis aut rem porro. Ut natus quo quia accusamus accusantium vel.', 2, '2019-12-09 05:21:02', '2019-12-09 05:21:02'),
(106, 27, 'Cloyd Bergstrom', 'Incidunt odit libero expedita quia. Odio aut expedita libero. Error error inventore eius consequatur harum.', 3, '2019-12-09 05:21:02', '2019-12-09 05:21:02'),
(107, 29, 'Brett Lynch III', 'Velit illum et optio minus sit sit. Optio odio a voluptatem id molestiae. Tenetur consequatur vero consequatur.', 4, '2019-12-09 05:21:02', '2019-12-09 05:21:02'),
(108, 26, 'Dr. Isai Rosenbaum', 'Et minima sint pariatur. Et atque eveniet et pariatur quas ipsa officiis. Amet id autem quo aut.', 5, '2019-12-09 05:21:02', '2019-12-09 05:21:02'),
(109, 14, 'Sienna Beier', 'Id sit ea nesciunt velit repellendus nesciunt in eum. Et expedita autem animi incidunt. Numquam enim ipsum ipsum commodi in illum doloremque. Est ad dolorum molestiae nisi ut aspernatur. Repudiandae consequatur et consectetur ut.', 5, '2019-12-09 05:21:02', '2019-12-09 05:21:02'),
(110, 29, 'Raymundo Frami', 'Ex omnis rerum quos necessitatibus quam. Iste est officia et consequatur ipsa sint et. Quas alias dolores accusantium non qui quod dolores. Quaerat asperiores atque consequatur.', 0, '2019-12-09 05:21:02', '2019-12-09 05:21:02'),
(111, 26, 'Dr. Kamryn Fay', 'Animi laudantium quaerat magni ut sed sit iure at. Non dolores autem sapiente et nihil aperiam hic. Consequuntur sit perspiciatis consequatur distinctio architecto eum.', 3, '2019-12-09 05:21:02', '2019-12-09 05:21:02'),
(112, 7, 'Russ Green', 'Laboriosam suscipit labore nostrum et. Est cupiditate aut nostrum. Velit nisi ea quos et nostrum.', 2, '2019-12-09 05:21:02', '2019-12-09 05:21:02'),
(113, 50, 'Drake Nitzsche', 'Recusandae facilis odit occaecati natus qui cupiditate. Commodi consequatur aspernatur consectetur iste ipsa. Repellat fugiat reprehenderit amet accusamus aut sunt.', 4, '2019-12-09 05:21:02', '2019-12-09 05:21:02'),
(114, 23, 'Ms. Christelle Tremblay MD', 'Blanditiis enim quaerat sit ipsum. Consequatur omnis aut et dicta et.', 1, '2019-12-09 05:21:02', '2019-12-09 05:21:02'),
(115, 32, 'Danny Rau', 'Itaque sed animi repellendus illum totam. Et qui consequatur eius.', 5, '2019-12-09 05:21:02', '2019-12-09 05:21:02'),
(116, 28, 'Isaiah Kertzmann', 'Sint iste nesciunt tempora. Totam quibusdam dolore qui temporibus dolorum ducimus assumenda. Laboriosam deserunt laudantium inventore sunt suscipit saepe similique. Totam tempora debitis officiis dolor et porro.', 3, '2019-12-09 05:21:02', '2019-12-09 05:21:02'),
(117, 24, 'Reggie Schuppe', 'Est labore cum doloribus et porro omnis. Sit porro facere repudiandae id et quos. Aut accusantium qui illum porro.', 0, '2019-12-09 05:21:02', '2019-12-09 05:21:02'),
(118, 11, 'Vivien Hartmann MD', 'Accusamus animi ea porro aperiam molestiae et est. Ut laboriosam ut exercitationem dolor quia quas molestiae. Sed vel facere nihil mollitia sint.', 4, '2019-12-09 05:21:02', '2019-12-09 05:21:02'),
(119, 33, 'Gail Abshire', 'Et ut eveniet eveniet voluptas velit id autem. Sunt atque corporis sed eligendi. Fuga aspernatur est molestiae et ut quibusdam.', 2, '2019-12-09 05:21:02', '2019-12-09 05:21:02'),
(120, 43, 'Bradly Ferry', 'Voluptas consectetur laborum dignissimos temporibus quae. Quos est adipisci est neque amet. Voluptatem sit ipsum modi in soluta et. Ducimus ipsa architecto mollitia modi nesciunt ipsa.', 3, '2019-12-09 05:21:02', '2019-12-09 05:21:02'),
(121, 6, 'Justina Koelpin', 'Ipsa sunt ducimus animi quis et occaecati libero. Molestiae dolore vero ratione vitae aliquid porro. Vel molestiae eos veniam quis sint odit. Facere rerum exercitationem ut autem dolor.', 5, '2019-12-09 05:21:02', '2019-12-09 05:21:02'),
(122, 42, 'Jessie Kub', 'Quibusdam harum dolorem enim nobis ad magnam. Eaque et sit ad qui. Dolore velit excepturi eius at ipsa ex asperiores. Aut et exercitationem facilis laborum enim quo assumenda.', 5, '2019-12-09 05:21:02', '2019-12-09 05:21:02'),
(123, 14, 'Shirley Sipes Sr.', 'Animi et qui nihil rerum. Et aut quis rem omnis cumque molestiae.', 2, '2019-12-09 05:21:03', '2019-12-09 05:21:03'),
(124, 22, 'Maegan Donnelly', 'Possimus ut dolor eius. Nam delectus sed harum nam. Deserunt magni cumque libero est. Consequatur dolores veniam quisquam earum aut quia accusamus.', 1, '2019-12-09 05:21:03', '2019-12-09 05:21:03'),
(125, 41, 'Uriel Cormier', 'Necessitatibus ipsam non earum voluptate magnam. In inventore hic consectetur quisquam. Incidunt dolorum et explicabo rem.', 5, '2019-12-09 05:21:03', '2019-12-09 05:21:03'),
(126, 49, 'Einar Cole', 'Consequatur aut adipisci eum eum necessitatibus autem. Voluptatum omnis autem ex repudiandae. Harum aliquid dignissimos modi sit assumenda explicabo. Aperiam sunt velit culpa ea qui ea.', 4, '2019-12-09 05:21:03', '2019-12-09 05:21:03'),
(127, 12, 'Claire Erdman', 'Consequatur in assumenda non adipisci. Asperiores aspernatur vitae ut optio veritatis est. Commodi et praesentium voluptatem placeat assumenda harum autem. Eum accusantium quasi quia earum esse aut omnis facere.', 1, '2019-12-09 05:21:03', '2019-12-09 05:21:03'),
(128, 31, 'Jaden Volkman', 'Amet aspernatur quis rem et. Inventore ipsa molestiae amet illo doloremque dicta. Blanditiis culpa minus aut voluptates consequatur libero. Laborum amet commodi sed unde ut. Sit et omnis sit.', 4, '2019-12-09 05:21:03', '2019-12-09 05:21:03'),
(129, 33, 'Prof. Daron Lowe', 'Eum voluptas nobis voluptatem consequatur. Ullam pariatur et repellendus atque earum qui ratione aut. Veritatis unde voluptatem et cupiditate excepturi. Laudantium quos in iure pariatur voluptas quia sed. Voluptatem et dolor doloribus distinctio.', 2, '2019-12-09 05:21:03', '2019-12-09 05:21:03'),
(130, 46, 'Yasmeen Rolfson', 'Assumenda consequuntur consequuntur temporibus odit vel nam dolor. Id et sed ad accusamus. Omnis illo aut distinctio et autem. Nam facilis provident recusandae.', 2, '2019-12-09 05:21:03', '2019-12-09 05:21:03'),
(131, 21, 'Dr. Alfred Gorczany DVM', 'Ea accusantium ratione exercitationem laborum alias et dolor. Sapiente officiis quibusdam nihil est rerum est. Cupiditate illum quia sint laborum ducimus.', 4, '2019-12-09 05:21:03', '2019-12-09 05:21:03'),
(132, 5, 'Dr. Tracey Schroeder', 'Et et enim voluptas error alias. Animi sit dolorem assumenda ullam. Voluptates consequatur omnis ut expedita corrupti distinctio. Et aliquid dolorem beatae voluptas placeat et.', 0, '2019-12-09 05:21:03', '2019-12-09 05:21:03'),
(133, 37, 'Prince Hilpert', 'Numquam aut eius expedita repellat et placeat quo. Est odit consequatur itaque. Quaerat autem labore dolor. Quasi quidem harum eligendi excepturi voluptate quo ab. Voluptas et atque consequatur eius rerum praesentium hic.', 2, '2019-12-09 05:21:03', '2019-12-09 05:21:03'),
(134, 33, 'Shania Graham III', 'Aut sed aperiam esse vitae. Et eveniet recusandae repellendus autem quia. Rerum recusandae consequuntur odit sit qui voluptate.', 0, '2019-12-09 05:21:03', '2019-12-09 05:21:03'),
(135, 46, 'Lauretta Heidenreich', 'Vero non ullam et assumenda magni quam. Voluptatem qui consequatur praesentium voluptas eligendi iste. Delectus ullam earum quisquam earum voluptatum.', 5, '2019-12-09 05:21:03', '2019-12-09 05:21:03'),
(136, 36, 'Miss Peggie Daniel DVM', 'Sint dolore quidem laboriosam laborum cupiditate laborum fugiat possimus. Dolorum voluptatem laboriosam enim sequi error provident voluptas consequatur. Distinctio et ut aspernatur placeat totam aspernatur voluptatem. Unde vero quibusdam qui iusto praesentium doloribus. Qui dicta dolor veritatis vero voluptate.', 2, '2019-12-09 05:21:03', '2019-12-09 05:21:03'),
(137, 8, 'Mr. Garfield Herman V', 'Officia minus error architecto sapiente distinctio. Dolorem deleniti et cumque atque. Ducimus porro neque a deserunt accusantium.', 1, '2019-12-09 05:21:03', '2019-12-09 05:21:03'),
(138, 19, 'Darius Ratke III', 'Omnis praesentium dignissimos modi saepe provident voluptate. Quasi minus ea dolores. Laborum ex atque facilis sed illum. Aut doloremque necessitatibus totam nemo aut sed.', 4, '2019-12-09 05:21:03', '2019-12-09 05:21:03'),
(139, 48, 'Alena Macejkovic Jr.', 'Dolore aut deleniti voluptatem dolorum earum dicta qui. Alias cumque corporis id tenetur et ex. Dicta et voluptatem sit. Vero voluptas consectetur sit eum doloremque.', 0, '2019-12-09 05:21:03', '2019-12-09 05:21:03'),
(140, 36, 'Jessica Von', 'Commodi sunt sapiente nulla excepturi illum aperiam dicta libero. Repudiandae occaecati quas dolores. Ea dignissimos atque optio explicabo. Sed reiciendis voluptatibus autem laudantium iste.', 2, '2019-12-09 05:21:03', '2019-12-09 05:21:03'),
(141, 28, 'Danyka Kohler', 'Totam quaerat doloribus explicabo est quo eaque consequuntur et. Id praesentium non hic eum. Qui consequuntur itaque maxime placeat.', 1, '2019-12-09 05:21:03', '2019-12-09 05:21:03'),
(142, 13, 'Mr. Werner Sauer', 'Sapiente harum sit unde quas animi. Ab quibusdam odit et voluptatibus culpa excepturi neque.', 3, '2019-12-09 05:21:03', '2019-12-09 05:21:03'),
(143, 46, 'Alejandrin Lowe', 'Voluptatibus sed in consequatur suscipit voluptas nihil. Omnis velit pariatur adipisci dolorem. Odio unde ut aut ea aut.', 5, '2019-12-09 05:21:03', '2019-12-09 05:21:03'),
(144, 22, 'Quinton Schinner', 'In laboriosam iusto in molestiae. Voluptatem aperiam enim exercitationem facilis odio et neque. Ea sint facere explicabo sunt.', 2, '2019-12-09 05:21:03', '2019-12-09 05:21:03'),
(145, 16, 'Jessyca Von', 'Sunt excepturi aperiam omnis quia saepe voluptate. Ea culpa itaque id dolorem quo consequatur placeat esse. Sint quos ipsum et aut sint. Sequi molestias sed distinctio aperiam tempora soluta. Ut perspiciatis velit repellat sunt omnis earum.', 2, '2019-12-09 05:21:03', '2019-12-09 05:21:03'),
(146, 4, 'Marianne Schinner', 'Dolores omnis dolor est neque incidunt corrupti. Adipisci quia est aspernatur excepturi nobis.', 2, '2019-12-09 05:21:03', '2019-12-09 05:21:03'),
(147, 36, 'Dale Abernathy', 'Quisquam et quae eum ea libero a at. Explicabo ad necessitatibus illo ut assumenda ut. Tenetur dolor non qui enim consequuntur et blanditiis. Aliquam ipsam praesentium corrupti dolores quis.', 5, '2019-12-09 05:21:03', '2019-12-09 05:21:03'),
(148, 6, 'Prof. Grady Howe III', 'Est maxime nisi necessitatibus. Beatae ipsam qui aut qui iure. Est tempora fugiat quis illo necessitatibus vitae.', 0, '2019-12-09 05:21:03', '2019-12-09 05:21:03'),
(149, 16, 'Dr. Jacquelyn Heathcote', 'Aut voluptatem ab sunt consequuntur velit qui. Aut et omnis hic sed. Repudiandae aut voluptatibus autem sunt aut minima. Nihil ut aut repudiandae aspernatur cupiditate aut.', 5, '2019-12-09 05:21:03', '2019-12-09 05:21:03'),
(150, 29, 'Prof. Allen Hamill', 'Ullam qui dignissimos ut illum tempora. Animi rerum a cumque et sit. Vel ipsam ut facere qui. Fuga odio rem praesentium totam necessitatibus sed.', 2, '2019-12-09 05:21:03', '2019-12-09 05:21:03'),
(151, 44, 'Prof. Miles Breitenberg II', 'Est ea nihil ut et iure. Et distinctio nostrum quasi fuga aut. Quia sit cumque doloremque fugit. Enim veritatis dignissimos quam dolores aliquam.', 2, '2019-12-09 05:21:03', '2019-12-09 05:21:03'),
(152, 1, 'Mrs. Sonia Kshlerin IV', 'Ipsum eligendi culpa et. Ut illo iste dolores minus. Amet impedit vel officiis adipisci velit fuga voluptas est.', 4, '2019-12-09 05:21:03', '2019-12-09 05:21:03'),
(153, 46, 'Effie King', 'Sint quaerat nam eos nam eius sunt reiciendis. Sed et doloremque corrupti voluptas libero ducimus. Vel labore in ut et maiores non. Molestiae ratione unde nobis cum distinctio non ad consequatur.', 0, '2019-12-09 05:21:03', '2019-12-09 05:21:03'),
(154, 29, 'Tyree Herzog', 'Repudiandae nobis dignissimos rerum ipsa. Eum dignissimos nemo et possimus beatae quos. Facere ea id eveniet est.', 2, '2019-12-09 05:21:03', '2019-12-09 05:21:03'),
(155, 18, 'Dr. Savion Jaskolski', 'Magnam et eaque sint quia possimus vel quas. Illo culpa voluptate ab voluptas distinctio ab voluptatum. Adipisci laudantium odit tempora doloribus ea doloribus error. Esse adipisci aut odio voluptas ab impedit.', 1, '2019-12-09 05:21:03', '2019-12-09 05:21:03'),
(156, 42, 'Hermina Wisozk', 'Ut quia ex molestias soluta soluta. Quam omnis consequuntur cum. Sequi vitae non et.', 3, '2019-12-09 05:21:03', '2019-12-09 05:21:03'),
(157, 8, 'Velda Hirthe', 'Placeat vel rem impedit est nihil ipsum nam ut. Ea repudiandae est voluptatem et. Reiciendis dolores nostrum omnis dolorum perspiciatis. Asperiores architecto cumque fugit praesentium alias sint iste est.', 1, '2019-12-09 05:21:03', '2019-12-09 05:21:03'),
(158, 18, 'Cyril Casper', 'Similique laboriosam aut vero omnis eaque. Incidunt vitae autem impedit. Corrupti eos dicta assumenda quis cum aperiam in laudantium. Nostrum alias aut rem amet est voluptatem illum distinctio.', 3, '2019-12-09 05:21:03', '2019-12-09 05:21:03'),
(159, 48, 'Brad Heidenreich', 'Omnis reprehenderit facilis asperiores est autem. Impedit aut ut voluptatem dignissimos inventore minus. Perferendis dolorem inventore omnis et maxime quae qui. Velit error omnis in labore harum ab dolor. In culpa et nihil.', 4, '2019-12-09 05:21:03', '2019-12-09 05:21:03'),
(160, 50, 'Dr. Kaleb Mayert PhD', 'In pariatur doloremque recusandae. Eum blanditiis aperiam recusandae rerum. Aut maxime explicabo temporibus non.', 1, '2019-12-09 05:21:03', '2019-12-09 05:21:03'),
(161, 10, 'Rickey Fadel PhD', 'Laborum in molestiae commodi autem vitae. Ipsa ea iste quis veritatis voluptatem. Laboriosam dicta ut aperiam explicabo. Cum aut aut fugit facere dolor consequatur.', 2, '2019-12-09 05:21:03', '2019-12-09 05:21:03'),
(162, 29, 'Amani Orn DDS', 'Rerum voluptates voluptatem dicta vitae temporibus. Eum enim eveniet omnis minus incidunt sed omnis. Atque ut eos quasi rerum.', 1, '2019-12-09 05:21:03', '2019-12-09 05:21:03'),
(163, 4, 'Elian Wolf', 'Et vero quia architecto explicabo molestiae. Accusantium at vel vel pariatur quis. Incidunt aut nulla est impedit maxime sed.', 2, '2019-12-09 05:21:03', '2019-12-09 05:21:03'),
(164, 45, 'Carmella Bergstrom', 'Accusantium voluptatibus quis perspiciatis repellendus sed et nobis laborum. Odio quam quia rem maiores ratione. Corporis ut et esse aliquam sunt aliquam. Autem laboriosam exercitationem corporis.', 1, '2019-12-09 05:21:03', '2019-12-09 05:21:03'),
(165, 30, 'Maritza Dickinson', 'Aut dolorum quas at inventore qui repudiandae fugit. Ea ipsa corrupti non reiciendis cumque. Ipsum ipsa optio quae commodi nihil. Ea in commodi maiores consequuntur eius.', 1, '2019-12-09 05:21:03', '2019-12-09 05:21:03'),
(166, 33, 'Noble Kiehn', 'Eius repellendus sed laudantium itaque deserunt quia repudiandae. Ullam voluptatem quaerat aut explicabo. Ullam omnis doloremque eveniet blanditiis temporibus.', 5, '2019-12-09 05:21:03', '2019-12-09 05:21:03'),
(167, 23, 'Clay Gleason', 'Culpa magni quae beatae. Perspiciatis officia nulla et id facilis tempora eos non.', 5, '2019-12-09 05:21:03', '2019-12-09 05:21:03'),
(168, 34, 'Joel Ratke', 'Quod molestiae et magnam. Et animi voluptatem dolor reprehenderit. Repellendus accusantium nobis accusamus et. Eligendi error odit accusantium qui laboriosam. Ipsa non impedit aut distinctio dolor et autem voluptatum.', 1, '2019-12-09 05:21:03', '2019-12-09 05:21:03'),
(169, 3, 'Molly Wiegand', 'Quis dolor veritatis totam praesentium quia. Fuga omnis id non est porro voluptatibus voluptas enim. Dolorem quod voluptatem expedita.', 0, '2019-12-09 05:21:03', '2019-12-09 05:21:03'),
(170, 44, 'Anna Buckridge', 'Vitae non velit ab quia. Nam sed nihil illo voluptatem omnis eos dignissimos autem. Qui suscipit natus et veritatis nihil et veritatis. Ad corporis minus cupiditate laborum iste debitis ad.', 5, '2019-12-09 05:21:03', '2019-12-09 05:21:03'),
(171, 50, 'Sarah Bins', 'Dicta odit quasi quos tempore sit officiis et. Consectetur sunt nihil ipsam aut perspiciatis expedita. Ad quos ipsa culpa nulla inventore explicabo corrupti.', 4, '2019-12-09 05:21:03', '2019-12-09 05:21:03'),
(172, 30, 'Shanie McDermott', 'Deleniti voluptatem ab dicta aut minus saepe. Aperiam quasi praesentium nobis est eos libero molestiae maiores. Sed et amet consectetur neque commodi.', 2, '2019-12-09 05:21:03', '2019-12-09 05:21:03'),
(173, 33, 'Guy Reichert', 'Et laborum pariatur soluta voluptate aut saepe amet. Adipisci totam qui necessitatibus earum velit aut autem. Labore sint cumque reiciendis est.', 5, '2019-12-09 05:21:03', '2019-12-09 05:21:03'),
(174, 42, 'Darrell Runolfsdottir', 'Iusto eos earum aut et accusamus. Optio corrupti hic et maiores maxime accusamus quidem eum. Expedita atque animi placeat eos omnis molestias similique. Beatae corrupti doloremque similique est fuga.', 5, '2019-12-09 05:21:03', '2019-12-09 05:21:03'),
(175, 21, 'Lulu Kemmer', 'Voluptatum temporibus autem voluptatem quam autem soluta ipsam. Alias quia ut omnis et impedit ipsa. Suscipit consectetur adipisci mollitia et alias placeat.', 1, '2019-12-09 05:21:03', '2019-12-09 05:21:03'),
(176, 48, 'Charlotte Parker MD', 'Quo asperiores rerum recusandae voluptates. Reiciendis distinctio eum et. Libero rerum dolores corrupti sequi quos esse laudantium.', 4, '2019-12-09 05:21:03', '2019-12-09 05:21:03'),
(177, 24, 'Serena Parker Sr.', 'Iusto itaque vel ipsam nisi. Repudiandae sapiente qui minus quas enim et. Laboriosam aut hic aut. Et consequatur voluptatem et autem quia et.', 4, '2019-12-09 05:21:03', '2019-12-09 05:21:03'),
(178, 44, 'Angelina Feil', 'Temporibus voluptatibus possimus quos dolor blanditiis. Sunt temporibus culpa nisi ab soluta consequatur. Sint est quas dicta explicabo.', 4, '2019-12-09 05:21:03', '2019-12-09 05:21:03'),
(179, 37, 'Lyla Batz', 'Officia eos cum et repudiandae praesentium sint autem. Architecto qui porro vero dolorem quidem. At aperiam quia nesciunt dolorum. Doloribus iste repellat ut et.', 5, '2019-12-09 05:21:03', '2019-12-09 05:21:03'),
(180, 19, 'Ezekiel Tromp', 'Molestiae fugiat accusamus occaecati dolor. Minus molestiae ut ad non eius officiis. Eum quam et non.', 5, '2019-12-09 05:21:03', '2019-12-09 05:21:03'),
(181, 32, 'Erna White', 'Quod modi quod iste incidunt. Iure beatae delectus ipsam. Nisi at rerum fugiat quaerat.', 4, '2019-12-09 05:21:03', '2019-12-09 05:21:03'),
(182, 22, 'Prof. Edd Kautzer II', 'Ut qui et vel et ut rerum. Est eaque voluptas delectus molestiae. Fugit itaque sequi aliquid.', 2, '2019-12-09 05:21:03', '2019-12-09 05:21:03'),
(183, 29, 'Lambert Little', 'Voluptate sed dolores nihil vero nisi sed quae distinctio. Quasi sequi modi nemo et. Aut dolorem in sed ut. Adipisci exercitationem et iure ut vel dicta.', 3, '2019-12-09 05:21:03', '2019-12-09 05:21:03'),
(184, 9, 'Elissa Mraz DVM', 'Alias earum aut est nemo omnis sed atque. Non voluptatibus et minus. Minima autem possimus architecto ut cum minus.', 2, '2019-12-09 05:21:03', '2019-12-09 05:21:03'),
(185, 42, 'Rodrigo Herzog', 'Doloribus dolores odio autem quis. Sunt ea odio dolore repudiandae quia voluptatem aut sunt. Aut nihil suscipit voluptates et et veniam. Et ut et quia quaerat debitis.', 2, '2019-12-09 05:21:03', '2019-12-09 05:21:03'),
(186, 44, 'Bart Kuphal', 'Harum velit temporibus maiores dolorum. Quos et sequi non qui. Vel esse qui aliquid. Porro officiis autem illo exercitationem qui possimus.', 4, '2019-12-09 05:21:03', '2019-12-09 05:21:03'),
(187, 39, 'Garth Connelly V', 'Nemo voluptas tempore iure quia repudiandae. Et sit sit maxime sint id culpa.', 5, '2019-12-09 05:21:03', '2019-12-09 05:21:03'),
(188, 23, 'Bridie Durgan', 'Sint labore temporibus aliquid voluptatibus quos aut quasi necessitatibus. Sint ut dolores sapiente dolor vel minus. Possimus earum qui atque corporis.', 5, '2019-12-09 05:21:03', '2019-12-09 05:21:03'),
(189, 17, 'Mr. Micah Crona', 'Ut magnam vel dolores dolor. Deleniti facere quisquam ratione nulla. Sequi cumque vel debitis quia. Delectus nihil nam harum cum vero.', 1, '2019-12-09 05:21:03', '2019-12-09 05:21:03'),
(190, 39, 'Greg Windler', 'Quam repellendus et officiis dolore consequuntur veniam. Deleniti esse et sint. Et sed eaque temporibus tempora.', 5, '2019-12-09 05:21:03', '2019-12-09 05:21:03'),
(191, 35, 'Rory Ratke', 'Enim ipsam pariatur temporibus in. Incidunt reiciendis aliquam maiores minus. Quis occaecati ut quos aliquam suscipit. Omnis adipisci occaecati at quam excepturi consectetur.', 3, '2019-12-09 05:21:03', '2019-12-09 05:21:03'),
(192, 20, 'Jennyfer Yost', 'Sed sit ut vel vel est culpa rerum quia. Fuga animi qui recusandae aliquid sed. Impedit omnis consequatur assumenda totam.', 1, '2019-12-09 05:21:03', '2019-12-09 05:21:03'),
(193, 13, 'Lydia Vandervort', 'Architecto tenetur et ad maiores omnis. Vero consequuntur possimus vitae ad quisquam. Impedit iure delectus distinctio debitis nemo. Libero vel animi deserunt impedit facere commodi blanditiis tempora.', 3, '2019-12-09 05:21:03', '2019-12-09 05:21:03'),
(194, 37, 'Mrs. Lonie Stiedemann DVM', 'Aspernatur hic eaque sunt consequatur dicta fuga. Et tenetur ullam occaecati ex perferendis sint. Eaque autem ut veritatis eveniet.', 0, '2019-12-09 05:21:03', '2019-12-09 05:21:03'),
(195, 48, 'Prof. Megane Hills DDS', 'At consequatur consequatur consequatur perspiciatis. Omnis iusto esse qui iusto. Nisi illum sit eligendi sed tenetur ipsam tenetur. Qui recusandae cupiditate et quia in.', 1, '2019-12-09 05:21:03', '2019-12-09 05:21:03'),
(196, 1, 'Irma Watsica', 'Dolor laborum eos nesciunt et iste et rem consequatur. Dolores id deserunt nesciunt. Qui sequi et veritatis.', 4, '2019-12-09 05:21:03', '2019-12-09 05:21:03'),
(197, 11, 'Mr. Perry Schaefer DDS', 'Nobis nostrum cum voluptate repudiandae soluta libero similique. Eius repellendus dolores adipisci consequatur itaque quasi voluptatem.', 5, '2019-12-09 05:21:03', '2019-12-09 05:21:03'),
(198, 31, 'Dr. Norbert Lubowitz', 'Pariatur quos doloribus recusandae. Iure ipsam qui dolorem dolores quibusdam. Voluptatem libero facilis aperiam molestias vel.', 5, '2019-12-09 05:21:03', '2019-12-09 05:21:03'),
(199, 49, 'Christopher Boyer', 'Voluptatem et in distinctio aut. Et voluptatem illo amet id. Dolor totam natus ullam similique. Et fugit sapiente cumque veritatis iure hic.', 2, '2019-12-09 05:21:03', '2019-12-09 05:21:03'),
(200, 42, 'Dr. Darion Daugherty', 'Culpa ad ut dolore. Eligendi at impedit qui non distinctio omnis quia voluptate. Fugiat occaecati porro ex cumque quia dolores illum. Aut fuga occaecati dolorem qui aut. Placeat nostrum atque necessitatibus beatae excepturi.', 5, '2019-12-09 05:21:03', '2019-12-09 05:21:03'),
(201, 43, 'Dr. Guadalupe Conn', 'Cum non cum et molestias. Atque voluptatem laboriosam quis. Enim ratione eligendi minus ut voluptatem consequatur velit. Adipisci rerum corporis voluptatem. Quam in quis quae ut nulla.', 3, '2019-12-09 05:21:03', '2019-12-09 05:21:03'),
(202, 37, 'Mozell Muller', 'Eum dolorum necessitatibus nemo architecto. Quos rerum quia et eaque voluptatem iusto. Est ratione non est corrupti. Officia recusandae voluptas delectus aut minima magnam.', 0, '2019-12-09 05:21:03', '2019-12-09 05:21:03'),
(203, 34, 'Mrs. Shyann Grady', 'Facilis qui delectus harum cupiditate magni repudiandae. Ex deleniti dicta quia quia omnis. Et ut adipisci tempora corrupti eos at suscipit. Quia quidem nulla id qui eos minus.', 1, '2019-12-09 05:21:03', '2019-12-09 05:21:03'),
(204, 12, 'Vella Torphy Sr.', 'Temporibus dignissimos voluptatem ut tempore. Sunt animi ea incidunt unde distinctio ipsam. Non sed consectetur facilis nobis nihil error totam.', 0, '2019-12-09 05:21:03', '2019-12-09 05:21:03'),
(205, 17, 'Chase Auer', 'Et perferendis omnis minima magnam ipsam. Deleniti sit quasi esse sunt non tenetur consequatur dolorem.', 3, '2019-12-09 05:21:03', '2019-12-09 05:21:03'),
(206, 46, 'Queenie Runte DVM', 'Est ab ullam vero pariatur. Qui ducimus dolores aspernatur quis voluptatem culpa.', 3, '2019-12-09 05:21:03', '2019-12-09 05:21:03'),
(207, 47, 'Prof. Jarrod Jaskolski', 'Iste fuga in ullam optio consequuntur. Voluptas necessitatibus ad dicta aut neque quisquam exercitationem. Saepe quis itaque commodi natus molestiae. Delectus quis nihil quas quaerat.', 5, '2019-12-09 05:21:03', '2019-12-09 05:21:03'),
(208, 13, 'Aidan Bartell II', 'Officia et rem voluptatem. Consequuntur delectus consequatur iure laudantium laborum nisi. Unde culpa natus ab autem temporibus quam. Et amet praesentium sunt sint est repellendus nemo excepturi.', 3, '2019-12-09 05:21:03', '2019-12-09 05:21:03'),
(209, 20, 'Dr. Kaitlyn Daugherty', 'Veniam et et architecto. Accusantium corporis aut quas placeat ex. Voluptates aliquam eos magnam.', 4, '2019-12-09 05:21:03', '2019-12-09 05:21:03'),
(210, 2, 'Charley Jenkins', 'Aspernatur voluptatem repudiandae necessitatibus voluptatem totam exercitationem. Sunt natus rerum est commodi in exercitationem. Assumenda et accusamus harum ut natus exercitationem.', 5, '2019-12-09 05:21:03', '2019-12-09 05:21:03'),
(211, 4, 'Presley Blick', 'Dolorum harum ab quasi reprehenderit fuga occaecati iusto. Quis beatae alias fugiat veniam eum. Itaque placeat autem eum eligendi aut. Numquam est asperiores doloribus quo. Debitis quaerat et sit soluta inventore rerum tempora.', 0, '2019-12-09 05:21:03', '2019-12-09 05:21:03'),
(212, 43, 'Ivy Marquardt', 'Aut et adipisci aut quidem. Quisquam recusandae enim error voluptatem. Dolore reiciendis ad quia eum aperiam ut accusantium. Totam commodi doloremque eveniet nisi eligendi.', 4, '2019-12-09 05:21:03', '2019-12-09 05:21:03'),
(213, 30, 'Carrie Bernhard', 'Similique dolor quas deserunt cum. Harum nesciunt aut quasi. Quae provident molestiae et accusantium. Excepturi velit eum ut a tempore.', 2, '2019-12-09 05:21:03', '2019-12-09 05:21:03');
INSERT INTO `reviews` (`id`, `product_id`, `customer`, `review`, `star`, `created_at`, `updated_at`) VALUES
(214, 36, 'Aryanna Rempel', 'Tempora magni nulla est dolor consequatur. Laudantium repellendus est minus et sed. Soluta ad hic est.', 2, '2019-12-09 05:21:03', '2019-12-09 05:21:03'),
(215, 1, 'Heloise Doyle', 'Quasi non autem veritatis ad. Aliquid hic qui dolor. Totam alias consequuntur at ut beatae voluptas.', 0, '2019-12-09 05:21:03', '2019-12-09 05:21:03'),
(216, 21, 'Prof. Heather Heller', 'Reprehenderit rerum occaecati voluptas molestiae alias atque. Molestiae ut itaque sit ab quos quae officiis praesentium. Laudantium molestias eos ut recusandae adipisci fugit dolorem.', 2, '2019-12-09 05:21:03', '2019-12-09 05:21:03'),
(217, 26, 'Jewel Bode', 'Ut tempora vel non recusandae itaque aut. Est iste illo et et. Suscipit non officia eaque.', 0, '2019-12-09 05:21:03', '2019-12-09 05:21:03'),
(218, 43, 'Gerhard Bergnaum', 'Officia cupiditate veritatis quia. Iste nesciunt suscipit rerum ratione illum facilis est. Non beatae qui iure quia accusamus quia. Corrupti minima rerum aut aspernatur beatae. Quas omnis ducimus quia error facilis omnis dolore iure.', 2, '2019-12-09 05:21:03', '2019-12-09 05:21:03'),
(219, 16, 'Prof. Dan Kiehn V', 'Aut aperiam consequuntur quia non. Eum sunt et aut est quis consequatur. Id corporis sint qui et.', 4, '2019-12-09 05:21:03', '2019-12-09 05:21:03'),
(220, 36, 'Sadye Hirthe', 'Et quaerat quo repudiandae cumque error et aliquid maiores. Ex quam praesentium dolorem modi vel in voluptates incidunt. Est et soluta quia quas libero tempora velit. Quos quis ut molestiae est.', 3, '2019-12-09 05:21:03', '2019-12-09 05:21:03'),
(221, 40, 'Savanah Dietrich', 'Quam ipsam earum et vero corrupti eum nisi. Minima beatae consequatur dolorem ducimus odio. Beatae delectus expedita ut pariatur vitae.', 5, '2019-12-09 05:21:03', '2019-12-09 05:21:03'),
(222, 30, 'Rodger Prohaska', 'Nihil animi aut non debitis voluptatem praesentium. Sapiente velit consectetur repudiandae placeat suscipit temporibus nesciunt. Omnis placeat ratione nihil et voluptate. Quia quam sapiente tempora possimus quam veritatis nihil.', 4, '2019-12-09 05:21:03', '2019-12-09 05:21:03'),
(223, 16, 'Jamarcus Watsica', 'Velit repellendus molestias ullam modi vel necessitatibus nulla. Voluptatem distinctio quae facere unde iusto dolor.', 5, '2019-12-09 05:21:03', '2019-12-09 05:21:03'),
(224, 28, 'Reggie Boehm', 'Ut autem excepturi explicabo quae mollitia. Quis explicabo cum ut esse qui temporibus ipsa culpa. Voluptatem vitae expedita accusantium hic. Neque nihil nostrum voluptatem ut repellendus et.', 1, '2019-12-09 05:21:03', '2019-12-09 05:21:03'),
(225, 18, 'Skylar Hoppe V', 'Recusandae et quos aut aut neque recusandae. Deleniti minus rerum et sed dolorem nostrum. Et nihil impedit qui magni.', 5, '2019-12-09 05:21:03', '2019-12-09 05:21:03'),
(226, 12, 'Albin Huels', 'Quam repellat consectetur nihil ducimus tenetur quia. Nam eum doloremque possimus quisquam est enim beatae. Voluptatum officia ut mollitia consequatur est architecto eum. Quia consequatur et facilis incidunt amet laborum.', 2, '2019-12-09 05:21:03', '2019-12-09 05:21:03'),
(227, 48, 'Dr. Rosella Olson', 'Ex consectetur quia illum ut minus rem sit id. Consequatur illo amet culpa dolor sed est reiciendis. Ut quasi consequuntur et quaerat. Voluptatum repellat repudiandae commodi pariatur minus quis consequatur.', 4, '2019-12-09 05:21:03', '2019-12-09 05:21:03'),
(228, 1, 'Avis Pfeffer V', 'Nostrum sint consequatur qui omnis autem officiis. Numquam dicta laboriosam cupiditate. Unde ut consequatur perspiciatis molestiae dolorem similique veniam. Quidem tenetur nisi eum facilis officia harum beatae.', 2, '2019-12-09 05:21:03', '2019-12-09 05:21:03'),
(229, 45, 'Prof. Marisa Heidenreich', 'Molestiae eos aliquam sed hic voluptatibus sit reiciendis. Aut sed quibusdam consequatur quis quia porro. Officiis non accusantium aperiam blanditiis.', 3, '2019-12-09 05:21:03', '2019-12-09 05:21:03'),
(230, 36, 'Neva Harvey', 'Autem sit voluptates quo et laboriosam corporis. Ea enim et esse similique. Est possimus possimus voluptas aut qui ut.', 2, '2019-12-09 05:21:03', '2019-12-09 05:21:03'),
(231, 23, 'Maudie Kessler', 'Nostrum excepturi placeat ducimus aut. Natus eius iste tenetur et mollitia. Temporibus quo ullam omnis et veritatis. Nobis beatae consequatur tempore quod debitis autem quo. Magni soluta dolores voluptate.', 0, '2019-12-09 05:21:03', '2019-12-09 05:21:03'),
(232, 45, 'Amos Bernhard IV', 'Iste cupiditate ut sit quis est et. Explicabo ipsam beatae sit cumque dolorem maiores doloribus deleniti. Hic eos explicabo quia consectetur eligendi iusto asperiores dolorem. Delectus rerum ex fuga recusandae. Natus maiores sint autem molestias eius eligendi est.', 4, '2019-12-09 05:21:03', '2019-12-09 05:21:03'),
(233, 19, 'Shirley Sipes', 'Et libero non delectus est laborum sequi. Error autem rerum minus cupiditate perferendis itaque eum.', 1, '2019-12-09 05:21:03', '2019-12-09 05:21:03'),
(234, 23, 'Rae Frami', 'Sed modi id nulla omnis. Ut consequuntur totam ut velit aperiam. Enim modi aut deserunt id ipsam. Debitis atque hic eaque aliquam itaque totam.', 0, '2019-12-09 05:21:03', '2019-12-09 05:21:03'),
(235, 48, 'Delbert Quitzon III', 'Temporibus magni error tempore eligendi id expedita omnis molestiae. Reprehenderit laboriosam cum cupiditate sit quas. Iste incidunt in sapiente repellendus quaerat dolores.', 5, '2019-12-09 05:21:03', '2019-12-09 05:21:03'),
(236, 36, 'Prof. Dean Okuneva DVM', 'Cum quo eveniet libero accusantium maiores porro. Quaerat laborum incidunt sed rerum vel. Sit sit totam modi quidem officiis.', 5, '2019-12-09 05:21:03', '2019-12-09 05:21:03'),
(237, 8, 'Dr. Emerson Swift', 'Beatae expedita beatae quaerat nobis. Ipsa est quibusdam aperiam vel repudiandae. Quia molestiae iusto voluptate quis vel.', 4, '2019-12-09 05:21:03', '2019-12-09 05:21:03'),
(238, 3, 'Winnifred Nolan', 'Et consequatur exercitationem veniam vero sed. Impedit consequatur rerum perferendis quia quo enim vel. Est quibusdam facilis aut voluptas.', 3, '2019-12-09 05:21:03', '2019-12-09 05:21:03'),
(239, 42, 'Stephan Ondricka', 'Molestiae in necessitatibus ullam ut nihil. Aut dolor deleniti in. Non nihil dicta illum ipsam qui consequuntur. Ut dolor non vitae facere quis. Voluptatem totam ea inventore nihil esse nemo cupiditate totam.', 5, '2019-12-09 05:21:03', '2019-12-09 05:21:03'),
(240, 36, 'Saul O\'Kon', 'Eius veniam laborum id quis laboriosam. Eius cupiditate deserunt minus provident eos sit.', 2, '2019-12-09 05:21:03', '2019-12-09 05:21:03'),
(241, 20, 'Alexander Effertz', 'Officia at sed dolores voluptatem iure. Dolore consequatur voluptatem deleniti reprehenderit sit. Cum optio quia ut cupiditate. Veritatis occaecati nobis et cum.', 1, '2019-12-09 05:21:03', '2019-12-09 05:21:03'),
(242, 39, 'Mr. Kurtis Treutel', 'Sit eum rerum corporis quam ut in iusto. Tempora atque totam aut quas est. Officiis dolore quisquam dolorem et minus magni saepe. At et odio officiis ut corporis libero.', 0, '2019-12-09 05:21:03', '2019-12-09 05:21:03'),
(243, 50, 'Sid Grady MD', 'Delectus eveniet tempora optio praesentium ea rerum quos. Excepturi sit optio et aperiam blanditiis suscipit eius perferendis. Minima quia sunt illo molestiae sint. Et unde distinctio at.', 1, '2019-12-09 05:21:03', '2019-12-09 05:21:03'),
(244, 14, 'Mrs. Madalyn Shields', 'Ut iure natus nemo. Nostrum omnis commodi enim cum. Dolores consequatur eos repellendus laboriosam.', 2, '2019-12-09 05:21:03', '2019-12-09 05:21:03'),
(245, 25, 'Hiram Littel MD', 'Minus expedita cupiditate maiores consequatur quisquam quasi consequuntur. Voluptatem ut rerum et perferendis eos. Magni quos adipisci voluptatem repellat modi.', 2, '2019-12-09 05:21:03', '2019-12-09 05:21:03'),
(246, 40, 'Isai Kilback', 'Beatae atque maiores a laboriosam. Molestiae nisi officia itaque est soluta deserunt esse. Sed eum mollitia voluptate perferendis. Est deserunt aut architecto eveniet.', 2, '2019-12-09 05:21:03', '2019-12-09 05:21:03'),
(247, 43, 'Miss Lavonne Gutkowski', 'Consequatur aliquid fugiat aut ut. Veritatis nisi pariatur unde magnam. Quo odit alias et non.', 4, '2019-12-09 05:21:03', '2019-12-09 05:21:03'),
(248, 7, 'Mrs. Stephania Batz V', 'Iusto est ratione eos nam vel corporis similique. Dolor eligendi accusamus tenetur consequatur provident. Ut numquam sunt incidunt officiis reiciendis. Natus ea non enim iste ut dolor delectus.', 0, '2019-12-09 05:21:03', '2019-12-09 05:21:03'),
(249, 15, 'Ms. Lyla Kerluke Sr.', 'Ipsa sint eius ut molestias voluptatem. Sit sint fugit saepe porro sit perferendis itaque incidunt.', 2, '2019-12-09 05:21:03', '2019-12-09 05:21:03'),
(250, 49, 'Raoul Nader Sr.', 'Corrupti sit voluptas sunt inventore sunt vel sequi. Nostrum illum dignissimos voluptas ut iusto. Dolor maiores nisi in aut inventore modi consequatur. Dolor eius fugit dolore voluptas qui.', 1, '2019-12-09 05:21:03', '2019-12-09 05:21:03'),
(251, 36, 'Porter Armstrong', 'Eum consequatur a hic ducimus qui. In quidem fugit corrupti aliquam qui nihil sequi. Earum molestias nihil illum non incidunt ut. Porro numquam perferendis earum quisquam eius cupiditate sed. Aperiam veniam consequatur ipsam incidunt cum iste.', 3, '2019-12-09 05:21:03', '2019-12-09 05:21:03'),
(252, 28, 'Hubert Collins', 'Ut error et sit earum hic sint omnis. Sint odit nisi rerum magnam. Reprehenderit quisquam commodi voluptas ipsam labore beatae ut. Ut voluptatem sint et tempora earum.', 2, '2019-12-09 05:21:03', '2019-12-09 05:21:03'),
(253, 47, 'Mariano Klocko', 'Ullam facilis et sed veniam dolor sit. Sunt fuga maxime repudiandae amet. Provident ut consequatur voluptas asperiores. Temporibus quasi consequuntur voluptates inventore eligendi soluta repellendus.', 0, '2019-12-09 05:21:03', '2019-12-09 05:21:03'),
(254, 33, 'Travon Leffler', 'Provident minus dolor odio voluptatem dolores commodi neque. Ducimus labore vitae qui autem commodi ut. Possimus molestiae aliquid et accusantium necessitatibus. Facere necessitatibus suscipit enim vel magnam quia sunt esse. Nemo illum hic sed.', 3, '2019-12-09 05:21:03', '2019-12-09 05:21:03'),
(255, 16, 'Dr. Earnestine Botsford', 'Eum saepe ipsum tempora sit itaque. Assumenda expedita modi neque optio temporibus perspiciatis dicta. Voluptates nulla illo quae sed voluptate.', 2, '2019-12-09 05:21:03', '2019-12-09 05:21:03'),
(256, 34, 'Jamil Kihn MD', 'Non dicta autem est sint consequatur fuga harum. Quas quas voluptates autem. Aut et ea et dolor velit vel. Ut eligendi expedita possimus aliquam.', 4, '2019-12-09 05:21:03', '2019-12-09 05:21:03'),
(257, 11, 'Zachariah Pacocha', 'Sit expedita architecto distinctio corporis. Nihil quam sit similique. Quam soluta velit excepturi ullam nulla tenetur itaque non. Hic esse ut ut odit officia illo.', 2, '2019-12-09 05:21:03', '2019-12-09 05:21:03'),
(258, 35, 'Davonte Kassulke PhD', 'Minima ut non modi repellendus illum. In et ipsam officiis odio. Et iure quia fuga id illum sapiente.', 5, '2019-12-09 05:21:03', '2019-12-09 05:21:03'),
(259, 40, 'Don Pouros MD', 'In qui autem totam quia enim expedita. Odio nobis velit quasi ut. Voluptatum rem aut molestiae.', 3, '2019-12-09 05:21:03', '2019-12-09 05:21:03'),
(260, 42, 'Glenda Gutkowski', 'Totam sunt velit aut rerum. Porro commodi deserunt dolorem quia ducimus. Optio qui quibusdam voluptatem dolorem id.', 4, '2019-12-09 05:21:03', '2019-12-09 05:21:03'),
(261, 40, 'Elmore Moen', 'Dolorum suscipit inventore ut aut sequi possimus. Dolor labore animi molestiae ut incidunt dolores. Quis natus quia fugiat magnam consequatur. Quaerat quasi vero esse molestiae doloremque.', 0, '2019-12-09 05:21:03', '2019-12-09 05:21:03'),
(262, 39, 'Charlie Lang', 'A error fuga exercitationem sint. Error officiis et et porro. Omnis libero doloribus sint ipsum.', 2, '2019-12-09 05:21:03', '2019-12-09 05:21:03'),
(263, 44, 'Prof. Hector Halvorson', 'Mollitia est laborum molestiae quo possimus. Dolorem impedit mollitia ut nam. Ex labore voluptatem eos ex. Quidem beatae eum porro repellendus et voluptas facilis. Laudantium sit debitis quasi magnam vitae culpa.', 5, '2019-12-09 05:21:03', '2019-12-09 05:21:03'),
(264, 31, 'Dr. Leila Sauer', 'Sunt quae distinctio molestiae beatae eaque quis voluptas rerum. Earum rerum alias est et id voluptatum rem. Quis maxime possimus ut veritatis. Esse vero repudiandae quis.', 4, '2019-12-09 05:21:03', '2019-12-09 05:21:03'),
(265, 28, 'Darby Schuppe', 'Necessitatibus omnis ea sint molestiae quo maxime adipisci ut. Praesentium necessitatibus asperiores recusandae delectus. Minus perspiciatis placeat provident iure. Quasi non nihil aut eius sapiente cumque.', 0, '2019-12-09 05:21:03', '2019-12-09 05:21:03'),
(266, 26, 'Earlene Pfannerstill', 'Ut modi nisi consectetur eum animi. Ipsum necessitatibus adipisci consequatur dolorem. Ipsum suscipit error accusamus tenetur non dolores qui.', 3, '2019-12-09 05:21:03', '2019-12-09 05:21:03'),
(267, 50, 'Charity Lemke', 'Mollitia et earum in harum dolorem et quis. Est fugiat est nam perspiciatis. Pariatur quis aliquam accusamus. Sit iusto totam nulla odit vel.', 0, '2019-12-09 05:21:03', '2019-12-09 05:21:03'),
(268, 29, 'Prof. Polly Rath', 'Quasi quod sapiente ab aut quidem doloremque. Incidunt provident laboriosam vel laborum numquam. Saepe rerum omnis sapiente accusamus. Est dolore sunt delectus optio non.', 0, '2019-12-09 05:21:03', '2019-12-09 05:21:03'),
(269, 9, 'Shanny Bernhard', 'Ex et tempora nihil voluptas vero. Numquam numquam ipsum enim. Quia inventore in dicta voluptas harum dolor quia.', 2, '2019-12-09 05:21:03', '2019-12-09 05:21:03'),
(270, 4, 'Dr. Felipe Bergnaum III', 'Consequatur et autem et nobis beatae autem. Adipisci odio id est exercitationem. Odio ad tempora maiores est eos.', 1, '2019-12-09 05:21:03', '2019-12-09 05:21:03'),
(271, 21, 'Lulu Prohaska', 'Iure tenetur et doloremque natus voluptatibus. Ex repellendus dignissimos ullam cum excepturi temporibus optio. Dicta quis facere voluptatem ut quia sit est.', 2, '2019-12-09 05:21:03', '2019-12-09 05:21:03'),
(272, 5, 'Kristian Jaskolski', 'Rerum doloribus accusamus asperiores quisquam aliquam. Quo blanditiis dolorem omnis odit consectetur tempora quidem ut. Dolorum maiores consequuntur rerum qui consequatur.', 2, '2019-12-09 05:21:03', '2019-12-09 05:21:03'),
(273, 19, 'Mrs. Astrid Leffler', 'A non non nemo. Ea consequatur explicabo cum perspiciatis a veniam rerum. Omnis non id quis ut quia officiis.', 2, '2019-12-09 05:21:03', '2019-12-09 05:21:03'),
(274, 40, 'Delores Swaniawski', 'Dolorem eaque aut facere eius. Velit debitis necessitatibus ut est facere. Odio eius aut maiores id.', 3, '2019-12-09 05:21:03', '2019-12-09 05:21:03'),
(275, 10, 'Allan Sipes', 'Nobis ea aut fugiat vel rerum rerum laboriosam eveniet. Quia voluptates autem rerum aut sed vero. Impedit debitis laboriosam sed enim cum cupiditate.', 0, '2019-12-09 05:21:03', '2019-12-09 05:21:03'),
(276, 32, 'Antwan Cartwright', 'Iusto distinctio itaque minus quidem eveniet nisi expedita. Id laudantium et et a. Rerum nemo unde excepturi sequi.', 5, '2019-12-09 05:21:03', '2019-12-09 05:21:03'),
(277, 18, 'Mrs. Asia Gottlieb', 'Repudiandae minima optio in in eius et mollitia. Ullam dolor recusandae quia libero. Qui aut ratione dolore et beatae excepturi atque.', 5, '2019-12-09 05:21:03', '2019-12-09 05:21:03'),
(278, 6, 'Dr. Kelli Reynolds IV', 'Quibusdam impedit consequatur quis natus aliquid consequatur. Facere voluptates suscipit qui dignissimos deleniti. Soluta consequatur quibusdam quidem velit et blanditiis animi. Nemo neque aut qui atque earum ut.', 2, '2019-12-09 05:21:03', '2019-12-09 05:21:03'),
(279, 25, 'Colten Heaney', 'Provident qui quasi perferendis eligendi sunt molestias esse. Facere maxime et ea quis. Deserunt at expedita quo.', 3, '2019-12-09 05:21:03', '2019-12-09 05:21:03'),
(280, 18, 'Dr. Jonathan Orn MD', 'Ratione quo et omnis quia. Incidunt labore placeat voluptates pariatur. Ut quaerat adipisci nemo voluptas.', 2, '2019-12-09 05:21:03', '2019-12-09 05:21:03'),
(281, 1, 'Dr. Tracy McKenzie III', 'Rerum repellendus ullam minus voluptas doloremque enim sit. Repellat consequuntur voluptatibus libero porro. Minus amet sunt aut eos est reprehenderit quo. Dolor atque quidem libero sed id.', 0, '2019-12-09 05:21:03', '2019-12-09 05:21:03'),
(282, 25, 'Matt Stehr', 'Eveniet ipsa quam officia odio. Autem id a ad est itaque voluptas. Animi unde fuga sequi quidem illum labore. Et ea veniam maxime pariatur officia enim porro.', 3, '2019-12-09 05:21:03', '2019-12-09 05:21:03'),
(283, 35, 'Jayne Dickinson', 'Perferendis voluptatem delectus facilis harum. Aperiam dolores quod aspernatur ut sint. Accusantium tempore aut omnis qui.', 2, '2019-12-09 05:21:03', '2019-12-09 05:21:03'),
(284, 25, 'Neoma Welch', 'Veritatis nisi eos dolore dolor voluptas possimus iste. Asperiores voluptate et itaque reprehenderit sapiente porro nobis. Eos modi expedita ducimus alias accusantium.', 5, '2019-12-09 05:21:03', '2019-12-09 05:21:03'),
(285, 29, 'Rafael McDermott', 'Amet aperiam dicta voluptas porro velit qui. Et delectus fugiat corrupti in aperiam alias doloremque minus. Vitae repudiandae praesentium aut voluptatem sit tempore.', 2, '2019-12-09 05:21:03', '2019-12-09 05:21:03'),
(286, 37, 'Mr. Robbie Bednar MD', 'Cumque eius ut enim porro consequuntur rerum voluptate ex. Minima atque fuga dignissimos odit dicta est. Ipsum quis eos exercitationem quia nemo consequatur neque quo. Quasi possimus aut non minus soluta vel animi.', 4, '2019-12-09 05:21:03', '2019-12-09 05:21:03'),
(287, 20, 'Torrey Carroll', 'Rerum id magni ipsa voluptatem facere architecto doloribus. Tempore nemo aperiam officia enim voluptas itaque aut aut.', 5, '2019-12-09 05:21:03', '2019-12-09 05:21:03'),
(288, 11, 'Haylee Thompson', 'Amet dolores incidunt voluptatibus nulla est autem. Et eveniet laboriosam non est sit voluptas. Dolore eum reiciendis nobis est voluptatem tempore provident.', 4, '2019-12-09 05:21:03', '2019-12-09 05:21:03'),
(289, 30, 'Norris Hermann', 'Alias aut est rerum veritatis. Consequatur sit velit enim dolores qui expedita. Animi aperiam recusandae asperiores asperiores. Et cupiditate aspernatur officiis soluta omnis ad deserunt.', 0, '2019-12-09 05:21:03', '2019-12-09 05:21:03'),
(290, 5, 'Mr. Andre Sipes Jr.', 'Dolores ut fuga quia modi quo voluptatum ut. Est deserunt quidem unde doloremque vitae. Accusantium aut sint incidunt aut voluptatem impedit. Beatae ut aliquid odit et tempora.', 5, '2019-12-09 05:21:03', '2019-12-09 05:21:03'),
(291, 20, 'Mr. Marques Hirthe III', 'Eos amet explicabo mollitia vel unde totam saepe quod. Dolorem placeat perspiciatis ducimus dicta perspiciatis harum. Sunt eligendi commodi amet neque inventore dicta.', 0, '2019-12-09 05:21:03', '2019-12-09 05:21:03'),
(292, 12, 'Luigi Beer', 'Et qui similique odio occaecati unde nemo nemo. Dolores possimus dolorem architecto illum sit. Hic sit pariatur vitae velit unde repellat.', 4, '2019-12-09 05:21:03', '2019-12-09 05:21:03'),
(293, 39, 'Virgil Hickle', 'Dolores id minus eum. Eius eos nulla quod eos magnam suscipit aut. Occaecati reprehenderit officiis dolores aut illo alias cupiditate veritatis.', 2, '2019-12-09 05:21:03', '2019-12-09 05:21:03'),
(294, 28, 'Mr. Chad Franecki', 'Id qui doloribus sequi totam nam. Et assumenda in molestiae blanditiis natus placeat et. Incidunt consequatur in ipsum voluptatem.', 2, '2019-12-09 05:21:03', '2019-12-09 05:21:03'),
(295, 7, 'Andreanne Hoeger Sr.', 'Ut temporibus eos dolor molestiae est sint. Ut et ut non et. Sit non expedita asperiores inventore vel ut. Occaecati dolore sed nemo eaque.', 3, '2019-12-09 05:21:03', '2019-12-09 05:21:03'),
(296, 40, 'Petra Blick', 'Occaecati delectus suscipit placeat. Sed ipsum voluptatem quasi quaerat. Omnis id at perspiciatis eos. Nisi dolor ut aliquam ipsa pariatur reprehenderit.', 5, '2019-12-09 05:21:03', '2019-12-09 05:21:03'),
(297, 11, 'Chadrick Barrows', 'Voluptas consectetur nisi est et sint. Ex illum natus ipsum et autem. Non aperiam quod omnis.', 1, '2019-12-09 05:21:03', '2019-12-09 05:21:03'),
(298, 36, 'Dr. Clemmie Hettinger III', 'Voluptatum quas quasi cupiditate ut eum. Harum facere hic qui porro optio. Ab voluptatem ipsa voluptatibus occaecati cumque asperiores ex.', 0, '2019-12-09 05:21:03', '2019-12-09 05:21:03'),
(299, 49, 'Quinn Stark', 'Laboriosam est impedit neque ad tempora voluptatem ratione commodi. Dolor aut est cum ut nemo quo labore. Consequatur iure quod rerum dolorem reprehenderit sit.', 5, '2019-12-09 05:21:03', '2019-12-09 05:21:03'),
(300, 24, 'Mr. Martin Bosco', 'Tenetur laudantium sint unde maxime. Sapiente accusamus odit laboriosam hic non quis. Ut quibusdam temporibus omnis qui eos molestiae quia.', 4, '2019-12-09 05:21:03', '2019-12-09 05:21:03');

-- --------------------------------------------------------

--
-- Table structure for table `users`
--

CREATE TABLE `users` (
  `id` bigint(20) UNSIGNED NOT NULL,
  `name` varchar(255) COLLATE utf8mb4_unicode_ci NOT NULL,
  `email` varchar(255) COLLATE utf8mb4_unicode_ci NOT NULL,
  `email_verified_at` timestamp NULL DEFAULT NULL,
  `password` varchar(255) COLLATE utf8mb4_unicode_ci NOT NULL,
  `remember_token` varchar(100) COLLATE utf8mb4_unicode_ci DEFAULT NULL,
  `created_at` timestamp NULL DEFAULT NULL,
  `updated_at` timestamp NULL DEFAULT NULL
) ENGINE=InnoDB DEFAULT CHARSET=utf8mb4 COLLATE=utf8mb4_unicode_ci;

--
-- Dumping data for table `users`
--

INSERT INTO `users` (`id`, `name`, `email`, `email_verified_at`, `password`, `remember_token`, `created_at`, `updated_at`) VALUES
(1, 'Shirley Leuschke', 'gerhard20@example.org', '2019-12-09 05:21:01', '$2y$10$92IXUNpkjO0rOQ5byMi.Ye4oKoEa3Ro9llC/.og/at2.uheWG/igi', 'w3GUHFeYCB', '2019-12-09 05:21:01', '2019-12-09 05:21:01'),
(2, 'Theresa Mohr', 'qzboncak@example.org', '2019-12-09 05:21:01', '$2y$10$92IXUNpkjO0rOQ5byMi.Ye4oKoEa3Ro9llC/.og/at2.uheWG/igi', 'F5m2DxjgWu', '2019-12-09 05:21:01', '2019-12-09 05:21:01'),
(3, 'Hannah Hills', 'jeramie24@example.net', '2019-12-09 05:21:01', '$2y$10$92IXUNpkjO0rOQ5byMi.Ye4oKoEa3Ro9llC/.og/at2.uheWG/igi', 'kDsy5AYGPD', '2019-12-09 05:21:01', '2019-12-09 05:21:01'),
(4, 'Sister Rosenbaum', 'amccullough@example.com', '2019-12-09 05:21:01', '$2y$10$92IXUNpkjO0rOQ5byMi.Ye4oKoEa3Ro9llC/.og/at2.uheWG/igi', 'v3TP8f1n31', '2019-12-09 05:21:01', '2019-12-09 05:21:01'),
(5, 'Elise Beier', 'luella.nienow@example.net', '2019-12-09 05:21:01', '$2y$10$92IXUNpkjO0rOQ5byMi.Ye4oKoEa3Ro9llC/.og/at2.uheWG/igi', 'xTLgOe6yPI', '2019-12-09 05:21:01', '2019-12-09 05:21:01');

--
-- Indexes for dumped tables
--

--
-- Indexes for table `failed_jobs`
--
ALTER TABLE `failed_jobs`
  ADD PRIMARY KEY (`id`);

--
-- Indexes for table `migrations`
--
ALTER TABLE `migrations`
  ADD PRIMARY KEY (`id`);

--
-- Indexes for table `password_resets`
--
ALTER TABLE `password_resets`
  ADD KEY `password_resets_email_index` (`email`);

--
-- Indexes for table `products`
--
ALTER TABLE `products`
  ADD PRIMARY KEY (`id`),
  ADD KEY `products_user_id_index` (`user_id`);

--
-- Indexes for table `reviews`
--
ALTER TABLE `reviews`
  ADD PRIMARY KEY (`id`),
  ADD KEY `reviews_product_id_index` (`product_id`);

--
-- Indexes for table `users`
--
ALTER TABLE `users`
  ADD PRIMARY KEY (`id`),
  ADD UNIQUE KEY `users_email_unique` (`email`);

--
-- AUTO_INCREMENT for dumped tables
--

--
-- AUTO_INCREMENT for table `failed_jobs`
--
ALTER TABLE `failed_jobs`
  MODIFY `id` bigint(20) UNSIGNED NOT NULL AUTO_INCREMENT;

--
-- AUTO_INCREMENT for table `migrations`
--
ALTER TABLE `migrations`
  MODIFY `id` int(10) UNSIGNED NOT NULL AUTO_INCREMENT, AUTO_INCREMENT=6;

--
-- AUTO_INCREMENT for table `products`
--
ALTER TABLE `products`
  MODIFY `id` int(10) UNSIGNED NOT NULL AUTO_INCREMENT, AUTO_INCREMENT=51;

--
-- AUTO_INCREMENT for table `reviews`
--
ALTER TABLE `reviews`
  MODIFY `id` int(10) UNSIGNED NOT NULL AUTO_INCREMENT, AUTO_INCREMENT=301;

--
-- AUTO_INCREMENT for table `users`
--
ALTER TABLE `users`
  MODIFY `id` bigint(20) UNSIGNED NOT NULL AUTO_INCREMENT, AUTO_INCREMENT=6;

--
-- Constraints for dumped tables
--

--
-- Constraints for table `reviews`
--
ALTER TABLE `reviews`
  ADD CONSTRAINT `reviews_product_id_foreign` FOREIGN KEY (`product_id`) REFERENCES `products` (`id`) ON DELETE CASCADE;
COMMIT;

/*!40101 SET CHARACTER_SET_CLIENT=@OLD_CHARACTER_SET_CLIENT */;
/*!40101 SET CHARACTER_SET_RESULTS=@OLD_CHARACTER_SET_RESULTS */;
/*!40101 SET COLLATION_CONNECTION=@OLD_COLLATION_CONNECTION */;
